manifest_index,slot_id,source_id,arm,receiver_mode,view,key_role,result_id,locator,planned_bits,state,reason,blind
0,historical/global_00/K0/BASELINE,historical_seen_dev_source_ac111d0,HYBRID,RAW,global_00,CORRECT_KEY,historical_joint,global_00/K0/BASELINE,32,OBSERVED,,"{""R"":44,""alias_of"":null,""frames"":181,""input_id"":""input_00"",""key_label"":""K0"",""mode"":""BASELINE"",""operation_cost"":{""dropped_received"":0,""inserted_gap_output_index"":null,""output_frames"":181,""repeated_occurrences"":0,""synthetic_outputs"":0},""oracle"":false,""physical_read"":""5de90a9295ece2ab218835246ef62d5d11c903270dbe2e7c0c36bb6a35a3dffb/4928dd49738cdfa9ac7eb4411152d4c5397d4238fb3097eeed5d0145053b0882"",""protocol"":""GLOBAL"",""status"":""READ"",""view_id"":""global_00""}"
1,historical/global_00/K0/EST_ALIGN,historical_seen_dev_source_ac111d0,HYBRID,GLOBAL,global_00,CORRECT_KEY,historical_joint,global_00/K0/EST_ALIGN,32,OBSERVED,,"{""R"":44,""alias_of"":""global_00/K0/BASELINE"",""frames"":181,""input_id"":""input_00"",""key_label"":""K0"",""mode"":""EST_ALIGN"",""operation_cost"":{""dropped_received"":0,""inserted_gap_output_index"":null,""output_frames"":181,""repeated_occurrences"":0,""synthetic_outputs"":0},""oracle"":false,""physical_read"":""5de90a9295ece2ab218835246ef62d5d11c903270dbe2e7c0c36bb6a35a3dffb/4928dd49738cdfa9ac7eb4411152d4c5397d4238fb3097eeed5d0145053b0882"",""protocol"":""GLOBAL"",""status"":""READ"",""view_id"":""global_00""}"
2,historical/global_00/K1/BASELINE,historical_seen_dev_source_ac111d0,HYBRID,RAW,global_00,WRONG_KEY,historical_joint,global_00/K1/BASELINE,32,OBSERVED,,"{""R"":44,""alias_of"":null,""frames"":181,""input_id"":""input_00"",""key_label"":""K1"",""mode"":""BASELINE"",""operation_cost"":{""dropped_received"":0,""inserted_gap_output_index"":null,""output_frames"":181,""repeated_occurrences"":0,""synthetic_outputs"":0},""oracle"":false,""physical_read"":""5de90a9295ece2ab218835246ef62d5d11c903270dbe2e7c0c36bb6a35a3dffb/3808bf7e736e607696b325801769af6d784d3c49c9f5165c2850b04aaf6a930b"",""protocol"":""GLOBAL"",""status"":""READ"",""view_id"":""global_00""}"
3,historical/global_00/K1/EST_ALIGN,historical_seen_dev_source_ac111d0,HYBRID,GLOBAL,global_00,WRONG_KEY,historical_joint,global_00/K1/EST_ALIGN,32,OBSERVED,,"{""R"":44,""alias_of"":""global_00/K1/BASELINE"",""frames"":181,""input_id"":""input_00"",""key_label"":""K1"",""mode"":""EST_ALIGN"",""operation_cost"":{""dropped_received"":0,""inserted_gap_output_index"":null,""output_frames"":181,""repeated_occurrences"":0,""synthetic_outputs"":0},""oracle"":false,""physical_read"":""5de90a9295ece2ab218835246ef62d5d11c903270dbe2e7c0c36bb6a35a3dffb/3808bf7e736e607696b325801769af6d784d3c49c9f5165c2850b04aaf6a930b"",""protocol"":""GLOBAL"",""status"":""READ"",""view_id"":""global_00""}"
4,historical/global_01/K0/BASELINE,historical_seen_dev_source_ac111d0,HYBRID,RAW,global_01,CORRECT_KEY,historical_joint,global_01/K0/BASELINE,32,OBSERVED,,"{""R"":44,""alias_of"":null,""frames"":177,""input_id"":""input_01"",""key_label"":""K0"",""mode"":""BASELINE"",""operation_cost"":{""dropped_received"":0,""inserted_gap_output_index"":null,""output_frames"":177,""repeated_occurrences"":0,""synthetic_outputs"":0},""oracle"":false,""physical_read"":""0a66ede3429aa1900671c9bbd604f8c38b75bd6ca3733a07b1397b833d65a60c/4928dd49738cdfa9ac7eb4411152d4c5397d4238fb3097eeed5d0145053b0882"",""protocol"":""GLOBAL"",""status"":""READ"",""view_id"":""global_01""}"
5,historical/global_01/K0/EST_ALIGN,historical_seen_dev_source_ac111d0,HYBRID,GLOBAL,global_01,CORRECT_KEY,historical_joint,global_01/K0/EST_ALIGN,32,OBSERVED,,"{""R"":44,""alias_of"":null,""frames"":177,""input_id"":""input_01"",""key_label"":""K0"",""mode"":""EST_ALIGN"",""operation_cost"":{""dropped_received"":1,""inserted_gap_output_index"":null,""output_frames"":177,""repeated_occurrences"":1,""synthetic_outputs"":1},""oracle"":false,""physical_read"":""a0b3341030d223797760b79aa0718c6fd4ae74e7dbdbf9817c22a87f902acba4/4928dd49738cdfa9ac7eb4411152d4c5397d4238fb3097eeed5d0145053b0882"",""protocol"":""GLOBAL"",""status"":""READ"",""view_id"":""global_01""}"
6,historical/global_01/K1/BASELINE,historical_seen_dev_source_ac111d0,HYBRID,RAW,global_01,WRONG_KEY,historical_joint,global_01/K1/BASELINE,32,OBSERVED,,"{""R"":44,""alias_of"":null,""frames"":177,""input_id"":""input_01"",""key_label"":""K1"",""mode"":""BASELINE"",""operation_cost"":{""dropped_received"":0,""inserted_gap_output_index"":null,""output_frames"":177,""repeated_occurrences"":0,""synthetic_outputs"":0},""oracle"":false,""physical_read"":""0a66ede3429aa1900671c9bbd604f8c38b75bd6ca3733a07b1397b833d65a60c/3808bf7e736e607696b325801769af6d784d3c49c9f5165c2850b04aaf6a930b"",""protocol"":""GLOBAL"",""status"":""READ"",""view_id"":""global_01""}"
7,historical/global_01/K1/EST_ALIGN,historical_seen_dev_source_ac111d0,HYBRID,GLOBAL,global_01,WRONG_KEY,historical_joint,global_01/K1/EST_ALIGN,32,OBSERVED,,"{""R"":44,""alias_of"":""global_01/K1/BASELINE"",""frames"":177,""input_id"":""input_01"",""key_label"":""K1"",""mode"":""EST_ALIGN"",""operation_cost"":{""dropped_received"":0,""inserted_gap_output_index"":null,""output_frames"":177,""repeated_occurrences"":0,""synthetic_outputs"":0},""oracle"":false,""physical_read"":""0a66ede3429aa1900671c9bbd604f8c38b75bd6ca3733a07b1397b833d65a60c/3808bf7e736e607696b325801769af6d784d3c49c9f5165c2850b04aaf6a930b"",""protocol"":""GLOBAL"",""status"":""READ"",""view_id"":""global_01""}"
8,historical/global_02/K0/BASELINE,historical_seen_dev_source_ac111d0,HYBRID,RAW,global_02,CORRECT_KEY,historical_joint,global_02/K0/BASELINE,32,OBSERVED,,"{""R"":22,""alias_of"":null,""frames"":89,""input_id"":""input_02"",""key_label"":""K0"",""mode"":""BASELINE"",""operation_cost"":{""dropped_received"":0,""inserted_gap_output_index"":null,""output_frames"":89,""repeated_occurrences"":0,""synthetic_outputs"":0},""oracle"":false,""physical_read"":""39aa234c0aaa0fbf14c1970f626a9a1a67dadb7828181402dffd4c9974b60282/4928dd49738cdfa9ac7eb4411152d4c5397d4238fb3097eeed5d0145053b0882"",""protocol"":""GLOBAL"",""status"":""READ"",""view_id"":""global_02""}"
9,historical/global_02/K0/EST_ALIGN,historical_seen_dev_source_ac111d0,HYBRID,GLOBAL,global_02,CORRECT_KEY,historical_joint,global_02/K0/EST_ALIGN,32,OBSERVED,,"{""R"":22,""alias_of"":null,""frames"":89,""input_id"":""input_02"",""key_label"":""K0"",""mode"":""EST_ALIGN"",""operation_cost"":{""dropped_received"":1,""inserted_gap_output_index"":null,""output_frames"":89,""repeated_occurrences"":1,""synthetic_outputs"":1},""oracle"":false,""physical_read"":""42fd3a425f05d30bd21644a1817c6df4ac9af968f2f4e947b2e701b6ddaa29f7/4928dd49738cdfa9ac7eb4411152d4c5397d4238fb3097eeed5d0145053b0882"",""protocol"":""GLOBAL"",""status"":""READ"",""view_id"":""global_02""}"
10,historical/global_02/K1/BASELINE,historical_seen_dev_source_ac111d0,HYBRID,RAW,global_02,WRONG_KEY,historical_joint,global_02/K1/BASELINE,32,OBSERVED,,"{""R"":22,""alias_of"":null,""frames"":89,""input_id"":""input_02"",""key_label"":""K1"",""mode"":""BASELINE"",""operation_cost"":{""dropped_received"":0,""inserted_gap_output_index"":null,""output_frames"":89,""repeated_occurrences"":0,""synthetic_outputs"":0},""oracle"":false,""physical_read"":""39aa234c0aaa0fbf14c1970f626a9a1a67dadb7828181402dffd4c9974b60282/3808bf7e736e607696b325801769af6d784d3c49c9f5165c2850b04aaf6a930b"",""protocol"":""GLOBAL"",""status"":""READ"",""view_id"":""global_02""}"
11,historical/global_02/K1/EST_ALIGN,historical_seen_dev_source_ac111d0,HYBRID,GLOBAL,global_02,WRONG_KEY,historical_joint,global_02/K1/EST_ALIGN,32,OBSERVED,,"{""R"":22,""alias_of"":null,""frames"":89,""input_id"":""input_02"",""key_label"":""K1"",""mode"":""EST_ALIGN"",""operation_cost"":{""dropped_received"":2,""inserted_gap_output_index"":null,""output_frames"":89,""repeated_occurrences"":2,""synthetic_outputs"":2},""oracle"":false,""physical_read"":""b5ab8725f88bb09fa2673a6de2409d64ca1c42e41dd79491dd75d291af10822c/3808bf7e736e607696b325801769af6d784d3c49c9f5165c2850b04aaf6a930b"",""protocol"":""GLOBAL"",""status"":""READ"",""view_id"":""global_02""}"
12,historical/global_03/K0/BASELINE,historical_seen_dev_source_ac111d0,HYBRID,RAW,global_03,CORRECT_KEY,historical_joint,global_03/K0/BASELINE,32,OBSERVED,,"{""R"":44,""alias_of"":null,""frames"":177,""input_id"":""input_03"",""key_label"":""K0"",""mode"":""BASELINE"",""operation_cost"":{""dropped_received"":0,""inserted_gap_output_index"":null,""output_frames"":177,""repeated_occurrences"":0,""synthetic_outputs"":0},""oracle"":false,""physical_read"":""3829c9b558aaf8675b9e9c9b206caec77cd214cd3a13d1a2797bea54a90c8b17/4928dd49738cdfa9ac7eb4411152d4c5397d4238fb3097eeed5d0145053b0882"",""protocol"":""GLOBAL"",""status"":""READ"",""view_id"":""global_03""}"
13,historical/global_03/K0/EST_ALIGN,historical_seen_dev_source_ac111d0,HYBRID,GLOBAL,global_03,CORRECT_KEY,historical_joint,global_03/K0/EST_ALIGN,32,OBSERVED,,"{""R"":44,""alias_of"":null,""frames"":177,""input_id"":""input_03"",""key_label"":""K0"",""mode"":""EST_ALIGN"",""operation_cost"":{""dropped_received"":2,""inserted_gap_output_index"":null,""output_frames"":177,""repeated_occurrences"":2,""synthetic_outputs"":2},""oracle"":false,""physical_read"":""745c9e8d7d622e6028646e88053ecf68adfcce35f922acde5bffc35782f1bb73/4928dd49738cdfa9ac7eb4411152d4c5397d4238fb3097eeed5d0145053b0882"",""protocol"":""GLOBAL"",""status"":""READ"",""view_id"":""global_03""}"
14,historical/global_03/K1/BASELINE,historical_seen_dev_source_ac111d0,HYBRID,RAW,global_03,WRONG_KEY,historical_joint,global_03/K1/BASELINE,32,OBSERVED,,"{""R"":44,""alias_of"":null,""frames"":177,""input_id"":""input_03"",""key_label"":""K1"",""mode"":""BASELINE"",""operation_cost"":{""dropped_received"":0,""inserted_gap_output_index"":null,""output_frames"":177,""repeated_occurrences"":0,""synthetic_outputs"":0},""oracle"":false,""physical_read"":""3829c9b558aaf8675b9e9c9b206caec77cd214cd3a13d1a2797bea54a90c8b17/3808bf7e736e607696b325801769af6d784d3c49c9f5165c2850b04aaf6a930b"",""protocol"":""GLOBAL"",""status"":""READ"",""view_id"":""global_03""}"
15,historical/global_03/K1/EST_ALIGN,historical_seen_dev_source_ac111d0,HYBRID,GLOBAL,global_03,WRONG_KEY,historical_joint,global_03/K1/EST_ALIGN,32,OBSERVED,,"{""R"":44,""alias_of"":""global_03/K1/BASELINE"",""frames"":177,""input_id"":""input_03"",""key_label"":""K1"",""mode"":""EST_ALIGN"",""operation_cost"":{""dropped_received"":0,""inserted_gap_output_index"":null,""output_frames"":177,""repeated_occurrences"":0,""synthetic_outputs"":0},""oracle"":false,""physical_read"":""3829c9b558aaf8675b9e9c9b206caec77cd214cd3a13d1a2797bea54a90c8b17/3808bf7e736e607696b325801769af6d784d3c49c9f5165c2850b04aaf6a930b"",""protocol"":""GLOBAL"",""status"":""READ"",""view_id"":""global_03""}"
16,historical/global_04/K0/BASELINE,historical_seen_dev_source_ac111d0,HYBRID,RAW,global_04,CORRECT_KEY,historical_joint,global_04/K0/BASELINE,32,OBSERVED,,"{""R"":44,""alias_of"":null,""frames"":177,""input_id"":""input_04"",""key_label"":""K0"",""mode"":""BASELINE"",""operation_cost"":{""dropped_received"":0,""inserted_gap_output_index"":null,""output_frames"":177,""repeated_occurrences"":0,""synthetic_outputs"":0},""oracle"":false,""physical_read"":""c2144075f6172622bd829113d99e838b69d2927f50fd9caddad87e088f343a55/4928dd49738cdfa9ac7eb4411152d4c5397d4238fb3097eeed5d0145053b0882"",""protocol"":""GLOBAL"",""status"":""READ"",""view_id"":""global_04""}"
17,historical/global_04/K0/EST_ALIGN,historical_seen_dev_source_ac111d0,HYBRID,GLOBAL,global_04,CORRECT_KEY,historical_joint,global_04/K0/EST_ALIGN,32,OBSERVED,,"{""R"":44,""alias_of"":null,""frames"":177,""input_id"":""input_04"",""key_label"":""K0"",""mode"":""EST_ALIGN"",""operation_cost"":{""dropped_received"":3,""inserted_gap_output_index"":null,""output_frames"":177,""repeated_occurrences"":3,""synthetic_outputs"":3},""oracle"":false,""physical_read"":""1d221bd1f13517dca6cae79ff36bcefc7bb58326da225a2b8f0c29a1c9a471f1/4928dd49738cdfa9ac7eb4411152d4c5397d4238fb3097eeed5d0145053b0882"",""protocol"":""GLOBAL"",""status"":""READ"",""view_id"":""global_04""}"
18,historical/global_04/K1/BASELINE,historical_seen_dev_source_ac111d0,HYBRID,RAW,global_04,WRONG_KEY,historical_joint,global_04/K1/BASELINE,32,OBSERVED,,"{""R"":44,""alias_of"":null,""frames"":177,""input_id"":""input_04"",""key_label"":""K1"",""mode"":""BASELINE"",""operation_cost"":{""dropped_received"":0,""inserted_gap_output_index"":null,""output_frames"":177,""repeated_occurrences"":0,""synthetic_outputs"":0},""oracle"":false,""physical_read"":""c2144075f6172622bd829113d99e838b69d2927f50fd9caddad87e088f343a55/3808bf7e736e607696b325801769af6d784d3c49c9f5165c2850b04aaf6a930b"",""protocol"":""GLOBAL"",""status"":""READ"",""view_id"":""global_04""}"
19,historical/global_04/K1/EST_ALIGN,historical_seen_dev_source_ac111d0,HYBRID,GLOBAL,global_04,WRONG_KEY,historical_joint,global_04/K1/EST_ALIGN,32,OBSERVED,,"{""R"":44,""alias_of"":null,""frames"":177,""input_id"":""input_04"",""key_label"":""K1"",""mode"":""EST_ALIGN"",""operation_cost"":{""dropped_received"":3,""inserted_gap_output_index"":null,""output_frames"":177,""repeated_occurrences"":3,""synthetic_outputs"":3},""oracle"":false,""physical_read"":""1d221bd1f13517dca6cae79ff36bcefc7bb58326da225a2b8f0c29a1c9a471f1/3808bf7e736e607696b325801769af6d784d3c49c9f5165c2850b04aaf6a930b"",""protocol"":""GLOBAL"",""status"":""READ"",""view_id"":""global_04""}"
20,historical/global_05/K0/BASELINE,historical_seen_dev_source_ac111d0,HYBRID,RAW,global_05,CORRECT_KEY,historical_joint,global_05/K0/BASELINE,32,OBSERVED,,"{""R"":22,""alias_of"":null,""frames"":89,""input_id"":""input_05"",""key_label"":""K0"",""mode"":""BASELINE"",""operation_cost"":{""dropped_received"":0,""inserted_gap_output_index"":null,""output_frames"":89,""repeated_occurrences"":0,""synthetic_outputs"":0},""oracle"":false,""physical_read"":""74363d7bd7b5ec9512ddd0356a49e7e776fe6fca5b867158755f786268341402/4928dd49738cdfa9ac7eb4411152d4c5397d4238fb3097eeed5d0145053b0882"",""protocol"":""GLOBAL"",""status"":""READ"",""view_id"":""global_05""}"
21,historical/global_05/K0/EST_ALIGN,historical_seen_dev_source_ac111d0,HYBRID,GLOBAL,global_05,CORRECT_KEY,historical_joint,global_05/K0/EST_ALIGN,32,OBSERVED,,"{""R"":22,""alias_of"":null,""frames"":89,""input_id"":""input_05"",""key_label"":""K0"",""mode"":""EST_ALIGN"",""operation_cost"":{""dropped_received"":2,""inserted_gap_output_index"":null,""output_frames"":89,""repeated_occurrences"":2,""synthetic_outputs"":2},""oracle"":false,""physical_read"":""5b69190921445d6796efe58923001b4f0f33cf294bd605d0291e103d9db9376c/4928dd49738cdfa9ac7eb4411152d4c5397d4238fb3097eeed5d0145053b0882"",""protocol"":""GLOBAL"",""status"":""READ"",""view_id"":""global_05""}"
22,historical/global_05/K1/BASELINE,historical_seen_dev_source_ac111d0,HYBRID,RAW,global_05,WRONG_KEY,historical_joint,global_05/K1/BASELINE,32,OBSERVED,,"{""R"":22,""alias_of"":null,""frames"":89,""input_id"":""input_05"",""key_label"":""K1"",""mode"":""BASELINE"",""operation_cost"":{""dropped_received"":0,""inserted_gap_output_index"":null,""output_frames"":89,""repeated_occurrences"":0,""synthetic_outputs"":0},""oracle"":false,""physical_read"":""74363d7bd7b5ec9512ddd0356a49e7e776fe6fca5b867158755f786268341402/3808bf7e736e607696b325801769af6d784d3c49c9f5165c2850b04aaf6a930b"",""protocol"":""GLOBAL"",""status"":""READ"",""view_id"":""global_05""}"
23,historical/global_05/K1/EST_ALIGN,historical_seen_dev_source_ac111d0,HYBRID,GLOBAL,global_05,WRONG_KEY,historical_joint,global_05/K1/EST_ALIGN,32,OBSERVED,,"{""R"":22,""alias_of"":null,""frames"":89,""input_id"":""input_05"",""key_label"":""K1"",""mode"":""EST_ALIGN"",""operation_cost"":{""dropped_received"":1,""inserted_gap_output_index"":null,""output_frames"":89,""repeated_occurrences"":1,""synthetic_outputs"":1},""oracle"":false,""physical_read"":""eaa181692d473d01baa85394152903a567c6bb1aa6b45f2714e3290cbef8f1e0/3808bf7e736e607696b325801769af6d784d3c49c9f5165c2850b04aaf6a930b"",""protocol"":""GLOBAL"",""status"":""READ"",""view_id"":""global_05""}"
24,historical/global_06/K0/BASELINE,historical_seen_dev_source_ac111d0,HYBRID,RAW,global_06,CORRECT_KEY,historical_joint,global_06/K0/BASELINE,32,OBSERVED,,"{""R"":22,""alias_of"":null,""frames"":89,""input_id"":""input_06"",""key_label"":""K0"",""mode"":""BASELINE"",""operation_cost"":{""dropped_received"":0,""inserted_gap_output_index"":null,""output_frames"":89,""repeated_occurrences"":0,""synthetic_outputs"":0},""oracle"":false,""physical_read"":""43c15678dbcf70da293ea0eff13dfeaa3c179c3f07a2774a92e8035a0249083b/4928dd49738cdfa9ac7eb4411152d4c5397d4238fb3097eeed5d0145053b0882"",""protocol"":""GLOBAL"",""status"":""READ"",""view_id"":""global_06""}"
25,historical/global_06/K0/EST_ALIGN,historical_seen_dev_source_ac111d0,HYBRID,GLOBAL,global_06,CORRECT_KEY,historical_joint,global_06/K0/EST_ALIGN,32,OBSERVED,,"{""R"":22,""alias_of"":null,""frames"":89,""input_id"":""input_06"",""key_label"":""K0"",""mode"":""EST_ALIGN"",""operation_cost"":{""dropped_received"":3,""inserted_gap_output_index"":null,""output_frames"":89,""repeated_occurrences"":3,""synthetic_outputs"":3},""oracle"":false,""physical_read"":""6592945c3ae59d832467fe7ccaa93605768ebc2d8a51901f90812533c7d62f5d/4928dd49738cdfa9ac7eb4411152d4c5397d4238fb3097eeed5d0145053b0882"",""protocol"":""GLOBAL"",""status"":""READ"",""view_id"":""global_06""}"
26,historical/global_06/K1/BASELINE,historical_seen_dev_source_ac111d0,HYBRID,RAW,global_06,WRONG_KEY,historical_joint,global_06/K1/BASELINE,32,OBSERVED,,"{""R"":22,""alias_of"":null,""frames"":89,""input_id"":""input_06"",""key_label"":""K1"",""mode"":""BASELINE"",""operation_cost"":{""dropped_received"":0,""inserted_gap_output_index"":null,""output_frames"":89,""repeated_occurrences"":0,""synthetic_outputs"":0},""oracle"":false,""physical_read"":""43c15678dbcf70da293ea0eff13dfeaa3c179c3f07a2774a92e8035a0249083b/3808bf7e736e607696b325801769af6d784d3c49c9f5165c2850b04aaf6a930b"",""protocol"":""GLOBAL"",""status"":""READ"",""view_id"":""global_06""}"
27,historical/global_06/K1/EST_ALIGN,historical_seen_dev_source_ac111d0,HYBRID,GLOBAL,global_06,WRONG_KEY,historical_joint,global_06/K1/EST_ALIGN,32,OBSERVED,,"{""R"":22,""alias_of"":null,""frames"":89,""input_id"":""input_06"",""key_label"":""K1"",""mode"":""EST_ALIGN"",""operation_cost"":{""dropped_received"":2,""inserted_gap_output_index"":null,""output_frames"":89,""repeated_occurrences"":2,""synthetic_outputs"":2},""oracle"":false,""physical_read"":""48b2f8f9abecb8d21ee8af175adcfa095b239664fbe8391fe404f2827e820b03/3808bf7e736e607696b325801769af6d784d3c49c9f5165c2850b04aaf6a930b"",""protocol"":""GLOBAL"",""status"":""READ"",""view_id"":""global_06""}"
28,historical/path_00/K0/RAW,historical_seen_dev_source_ac111d0,HYBRID,RAW,path_00,CORRECT_KEY,historical_joint,path_00/K0/RAW,32,OBSERVED,,"{""R"":44,""alias_of"":""global_03/K0/BASELINE"",""frames"":177,""input_id"":""input_03"",""key_label"":""K0"",""mode"":""RAW"",""operation_cost"":{""dropped_received"":0,""inserted_gap_output_index"":null,""output_frames"":177,""repeated_occurrences"":0,""synthetic_outputs"":0},""oracle"":false,""physical_read"":""3829c9b558aaf8675b9e9c9b206caec77cd214cd3a13d1a2797bea54a90c8b17/4928dd49738cdfa9ac7eb4411152d4c5397d4238fb3097eeed5d0145053b0882"",""protocol"":""SINGLE_JUMP"",""status"":""READ"",""view_id"":""path_00""}"
29,historical/path_00/K0/GLOBAL_ALIGN,historical_seen_dev_source_ac111d0,HYBRID,GLOBAL,path_00,CORRECT_KEY,historical_joint,path_00/K0/GLOBAL_ALIGN,32,OBSERVED,,"{""R"":44,""alias_of"":""global_03/K0/EST_ALIGN"",""frames"":177,""input_id"":""input_03"",""key_label"":""K0"",""mode"":""GLOBAL_ALIGN"",""operation_cost"":{""dropped_received"":2,""inserted_gap_output_index"":null,""output_frames"":177,""repeated_occurrences"":2,""synthetic_outputs"":2},""oracle"":false,""physical_read"":""745c9e8d7d622e6028646e88053ecf68adfcce35f922acde5bffc35782f1bb73/4928dd49738cdfa9ac7eb4411152d4c5397d4238fb3097eeed5d0145053b0882"",""protocol"":""SINGLE_JUMP"",""status"":""READ"",""view_id"":""path_00""}"
30,historical/path_00/K0/PATH_ALIGN,historical_seen_dev_source_ac111d0,HYBRID,PATH,path_00,CORRECT_KEY,historical_joint,path_00/K0/PATH_ALIGN,32,OBSERVED,,"{""R"":44,""alias_of"":""global_03/K0/EST_ALIGN"",""frames"":177,""input_id"":""input_03"",""key_label"":""K0"",""mode"":""PATH_ALIGN"",""operation_cost"":{""dropped_received"":2,""inserted_gap_output_index"":null,""output_frames"":177,""repeated_occurrences"":2,""synthetic_outputs"":2},""oracle"":false,""physical_read"":""745c9e8d7d622e6028646e88053ecf68adfcce35f922acde5bffc35782f1bb73/4928dd49738cdfa9ac7eb4411152d4c5397d4238fb3097eeed5d0145053b0882"",""protocol"":""SINGLE_JUMP"",""status"":""READ"",""view_id"":""path_00""}"
31,historical/path_00/K0/TRUTH_PATH,historical_seen_dev_source_ac111d0,HYBRID,ORACLE,path_00,CORRECT_KEY,historical_joint,path_00/K0/TRUTH_PATH,32,OBSERVED,,"{""R"":44,""alias_of"":""global_03/K0/EST_ALIGN"",""frames"":177,""input_id"":""input_03"",""key_label"":""K0"",""mode"":""TRUTH_PATH"",""operation_cost"":{""dropped_received"":2,""inserted_gap_output_index"":null,""output_frames"":177,""repeated_occurrences"":2,""synthetic_outputs"":2},""oracle"":true,""physical_read"":""745c9e8d7d622e6028646e88053ecf68adfcce35f922acde5bffc35782f1bb73/4928dd49738cdfa9ac7eb4411152d4c5397d4238fb3097eeed5d0145053b0882"",""protocol"":""SINGLE_JUMP"",""status"":""READ"",""view_id"":""path_00""}"
32,historical/path_00/K1/RAW,historical_seen_dev_source_ac111d0,HYBRID,RAW,path_00,WRONG_KEY,historical_joint,path_00/K1/RAW,32,OBSERVED,,"{""R"":44,""alias_of"":""global_03/K1/BASELINE"",""frames"":177,""input_id"":""input_03"",""key_label"":""K1"",""mode"":""RAW"",""operation_cost"":{""dropped_received"":0,""inserted_gap_output_index"":null,""output_frames"":177,""repeated_occurrences"":0,""synthetic_outputs"":0},""oracle"":false,""physical_read"":""3829c9b558aaf8675b9e9c9b206caec77cd214cd3a13d1a2797bea54a90c8b17/3808bf7e736e607696b325801769af6d784d3c49c9f5165c2850b04aaf6a930b"",""protocol"":""SINGLE_JUMP"",""status"":""READ"",""view_id"":""path_00""}"
33,historical/path_00/K1/GLOBAL_ALIGN,historical_seen_dev_source_ac111d0,HYBRID,GLOBAL,path_00,WRONG_KEY,historical_joint,path_00/K1/GLOBAL_ALIGN,32,OBSERVED,,"{""R"":44,""alias_of"":""global_03/K1/BASELINE"",""frames"":177,""input_id"":""input_03"",""key_label"":""K1"",""mode"":""GLOBAL_ALIGN"",""operation_cost"":{""dropped_received"":0,""inserted_gap_output_index"":null,""output_frames"":177,""repeated_occurrences"":0,""synthetic_outputs"":0},""oracle"":false,""physical_read"":""3829c9b558aaf8675b9e9c9b206caec77cd214cd3a13d1a2797bea54a90c8b17/3808bf7e736e607696b325801769af6d784d3c49c9f5165c2850b04aaf6a930b"",""protocol"":""SINGLE_JUMP"",""status"":""READ"",""view_id"":""path_00""}"
34,historical/path_00/K1/PATH_ALIGN,historical_seen_dev_source_ac111d0,HYBRID,PATH,path_00,WRONG_KEY,historical_joint,path_00/K1/PATH_ALIGN,32,OBSERVED,,"{""R"":44,""alias_of"":null,""frames"":177,""input_id"":""input_03"",""key_label"":""K1"",""mode"":""PATH_ALIGN"",""operation_cost"":{""dropped_received"":4,""inserted_gap_output_index"":15,""output_frames"":177,""repeated_occurrences"":4,""synthetic_outputs"":4},""oracle"":false,""physical_read"":""3c7c7a3c4f3000db39a6f215ad90d21f0528514119dbcd14d812af819f056a4c/3808bf7e736e607696b325801769af6d784d3c49c9f5165c2850b04aaf6a930b"",""protocol"":""SINGLE_JUMP"",""status"":""READ"",""view_id"":""path_00""}"
35,historical/path_00/K1/TRUTH_PATH,historical_seen_dev_source_ac111d0,HYBRID,ORACLE,path_00,WRONG_KEY,historical_joint,path_00/K1/TRUTH_PATH,32,OBSERVED,,"{""R"":44,""alias_of"":null,""frames"":177,""input_id"":""input_03"",""key_label"":""K1"",""mode"":""TRUTH_PATH"",""operation_cost"":{""dropped_received"":2,""inserted_gap_output_index"":null,""output_frames"":177,""repeated_occurrences"":2,""synthetic_outputs"":2},""oracle"":true,""physical_read"":""745c9e8d7d622e6028646e88053ecf68adfcce35f922acde5bffc35782f1bb73/3808bf7e736e607696b325801769af6d784d3c49c9f5165c2850b04aaf6a930b"",""protocol"":""SINGLE_JUMP"",""status"":""READ"",""view_id"":""path_00""}"
36,historical/path_01/K0/RAW,historical_seen_dev_source_ac111d0,HYBRID,RAW,path_01,CORRECT_KEY,historical_joint,path_01/K0/RAW,32,OBSERVED,,"{""R"":44,""alias_of"":null,""frames"":177,""input_id"":""input_07"",""key_label"":""K0"",""mode"":""RAW"",""operation_cost"":{""dropped_received"":0,""inserted_gap_output_index"":null,""output_frames"":177,""repeated_occurrences"":0,""synthetic_outputs"":0},""oracle"":false,""physical_read"":""e7e27677df21ccc99ec4533645f10d5fffce49b8071c8b19f0439733efb81731/4928dd49738cdfa9ac7eb4411152d4c5397d4238fb3097eeed5d0145053b0882"",""protocol"":""SINGLE_JUMP"",""status"":""READ"",""view_id"":""path_01""}"
37,historical/path_01/K0/GLOBAL_ALIGN,historical_seen_dev_source_ac111d0,HYBRID,GLOBAL,path_01,CORRECT_KEY,historical_joint,path_01/K0/GLOBAL_ALIGN,32,OBSERVED,,"{""R"":44,""alias_of"":null,""frames"":177,""input_id"":""input_07"",""key_label"":""K0"",""mode"":""GLOBAL_ALIGN"",""operation_cost"":{""dropped_received"":2,""inserted_gap_output_index"":null,""output_frames"":177,""repeated_occurrences"":2,""synthetic_outputs"":2},""oracle"":false,""physical_read"":""eab81a43b5a127056e41d4c21fd2b8b5c82d141a15cc29606a2656a26c026b6e/4928dd49738cdfa9ac7eb4411152d4c5397d4238fb3097eeed5d0145053b0882"",""protocol"":""SINGLE_JUMP"",""status"":""READ"",""view_id"":""path_01""}"
38,historical/path_01/K0/PATH_ALIGN,historical_seen_dev_source_ac111d0,HYBRID,PATH,path_01,CORRECT_KEY,historical_joint,path_01/K0/PATH_ALIGN,32,OBSERVED,,"{""R"":44,""alias_of"":null,""frames"":177,""input_id"":""input_07"",""key_label"":""K0"",""mode"":""PATH_ALIGN"",""operation_cost"":{""dropped_received"":3,""inserted_gap_output_index"":90,""output_frames"":177,""repeated_occurrences"":3,""synthetic_outputs"":3},""oracle"":false,""physical_read"":""feb7558af7b7922f16ccf4b7047acb458ec5b84917bc07cd2616e8b3cb65e8af/4928dd49738cdfa9ac7eb4411152d4c5397d4238fb3097eeed5d0145053b0882"",""protocol"":""SINGLE_JUMP"",""status"":""READ"",""view_id"":""path_01""}"
39,historical/path_01/K0/TRUTH_PATH,historical_seen_dev_source_ac111d0,HYBRID,ORACLE,path_01,CORRECT_KEY,historical_joint,path_01/K0/TRUTH_PATH,32,OBSERVED,,"{""R"":44,""alias_of"":""path_01/K0/PATH_ALIGN"",""frames"":177,""input_id"":""input_07"",""key_label"":""K0"",""mode"":""TRUTH_PATH"",""operation_cost"":{""dropped_received"":3,""inserted_gap_output_index"":90,""output_frames"":177,""repeated_occurrences"":3,""synthetic_outputs"":3},""oracle"":true,""physical_read"":""feb7558af7b7922f16ccf4b7047acb458ec5b84917bc07cd2616e8b3cb65e8af/4928dd49738cdfa9ac7eb4411152d4c5397d4238fb3097eeed5d0145053b0882"",""protocol"":""SINGLE_JUMP"",""status"":""READ"",""view_id"":""path_01""}"
40,historical/path_01/K1/RAW,historical_seen_dev_source_ac111d0,HYBRID,RAW,path_01,WRONG_KEY,historical_joint,path_01/K1/RAW,32,OBSERVED,,"{""R"":44,""alias_of"":null,""frames"":177,""input_id"":""input_07"",""key_label"":""K1"",""mode"":""RAW"",""operation_cost"":{""dropped_received"":0,""inserted_gap_output_index"":null,""output_frames"":177,""repeated_occurrences"":0,""synthetic_outputs"":0},""oracle"":false,""physical_read"":""e7e27677df21ccc99ec4533645f10d5fffce49b8071c8b19f0439733efb81731/3808bf7e736e607696b325801769af6d784d3c49c9f5165c2850b04aaf6a930b"",""protocol"":""SINGLE_JUMP"",""status"":""READ"",""view_id"":""path_01""}"
41,historical/path_01/K1/GLOBAL_ALIGN,historical_seen_dev_source_ac111d0,HYBRID,GLOBAL,path_01,WRONG_KEY,historical_joint,path_01/K1/GLOBAL_ALIGN,32,OBSERVED,,"{""R"":44,""alias_of"":""path_01/K1/RAW"",""frames"":177,""input_id"":""input_07"",""key_label"":""K1"",""mode"":""GLOBAL_ALIGN"",""operation_cost"":{""dropped_received"":0,""inserted_gap_output_index"":null,""output_frames"":177,""repeated_occurrences"":0,""synthetic_outputs"":0},""oracle"":false,""physical_read"":""e7e27677df21ccc99ec4533645f10d5fffce49b8071c8b19f0439733efb81731/3808bf7e736e607696b325801769af6d784d3c49c9f5165c2850b04aaf6a930b"",""protocol"":""SINGLE_JUMP"",""status"":""READ"",""view_id"":""path_01""}"
42,historical/path_01/K1/PATH_ALIGN,historical_seen_dev_source_ac111d0,HYBRID,PATH,path_01,WRONG_KEY,historical_joint,path_01/K1/PATH_ALIGN,32,OBSERVED,,"{""R"":44,""alias_of"":null,""frames"":177,""input_id"":""input_07"",""key_label"":""K1"",""mode"":""PATH_ALIGN"",""operation_cost"":{""dropped_received"":3,""inserted_gap_output_index"":135,""output_frames"":177,""repeated_occurrences"":3,""synthetic_outputs"":3},""oracle"":false,""physical_read"":""79384ec50f798ef99880e4a57e6cdc95cdda8e3b828af329715aebe341d818ff/3808bf7e736e607696b325801769af6d784d3c49c9f5165c2850b04aaf6a930b"",""protocol"":""SINGLE_JUMP"",""status"":""READ"",""view_id"":""path_01""}"
43,historical/path_01/K1/TRUTH_PATH,historical_seen_dev_source_ac111d0,HYBRID,ORACLE,path_01,WRONG_KEY,historical_joint,path_01/K1/TRUTH_PATH,32,OBSERVED,,"{""R"":44,""alias_of"":null,""frames"":177,""input_id"":""input_07"",""key_label"":""K1"",""mode"":""TRUTH_PATH"",""operation_cost"":{""dropped_received"":3,""inserted_gap_output_index"":90,""output_frames"":177,""repeated_occurrences"":3,""synthetic_outputs"":3},""oracle"":true,""physical_read"":""feb7558af7b7922f16ccf4b7047acb458ec5b84917bc07cd2616e8b3cb65e8af/3808bf7e736e607696b325801769af6d784d3c49c9f5165c2850b04aaf6a930b"",""protocol"":""SINGLE_JUMP"",""status"":""READ"",""view_id"":""path_01""}"
