manifest_index,measurement_id,source_id,arm,kind,metric,unit,result_id,locator,state,value,reason
0,historical/PRE/P1_P0/rgb_psnr_db,historical_seen_dev_source_ac111d0,PAYLOAD_ONLY_VS_NATIVE_PAYLOAD_SOURCE,QUALITY,rgb_psnr_db,dB,historical_joint,"[""quality"",""PRE/P1_P0"",""rgb_psnr_db""]",OBSERVED,32.67273254463354,
1,historical/PRE/M05_P1/rgb_psnr_db,historical_seen_dev_source_ac111d0,M05_INCREMENT_OVER_PAYLOAD,QUALITY,rgb_psnr_db,dB,historical_joint,"[""quality"",""PRE/M05_P1"",""rgb_psnr_db""]",OBSERVED,38.351690984813004,
2,historical/PRE/M05_P0/rgb_psnr_db,historical_seen_dev_source_ac111d0,HYBRID_VS_NATIVE_PAYLOAD_SOURCE,QUALITY,rgb_psnr_db,dB,historical_joint,"[""quality"",""PRE/M05_P0"",""rgb_psnr_db""]",OBSERVED,31.96813159452364,
3,historical/POST/P1_P0/rgb_psnr_db,historical_seen_dev_source_ac111d0,PAYLOAD_ONLY_VS_NATIVE_PAYLOAD_SOURCE,QUALITY,rgb_psnr_db,dB,historical_joint,"[""quality"",""POST/P1_P0"",""rgb_psnr_db""]",OBSERVED,32.209429017008695,
4,historical/POST/M05_P1/rgb_psnr_db,historical_seen_dev_source_ac111d0,M05_INCREMENT_OVER_PAYLOAD,QUALITY,rgb_psnr_db,dB,historical_joint,"[""quality"",""POST/M05_P1"",""rgb_psnr_db""]",OBSERVED,37.26074024298309,
5,historical/POST/M05_P0/rgb_psnr_db,historical_seen_dev_source_ac111d0,HYBRID_VS_NATIVE_PAYLOAD_SOURCE,QUALITY,rgb_psnr_db,dB,historical_joint,"[""quality"",""POST/M05_P0"",""rgb_psnr_db""]",OBSERVED,31.623100525939805,
6,historical/PRE/M05_P1/residual_roughness,historical_seen_dev_source_ac111d0,M05_INCREMENT_OVER_PAYLOAD,QUALITY,residual_normalized_roughness,ratio,historical_joint,"[""quality"",""PRE/M05_P1"",""residual"",""residual_normalized_roughness""]",OBSERVED,1.8453359780495995,
7,historical/POST/M05_P1/residual_roughness,historical_seen_dev_source_ac111d0,M05_INCREMENT_OVER_PAYLOAD,QUALITY,residual_normalized_roughness,ratio,historical_joint,"[""quality"",""POST/M05_P1"",""residual"",""residual_normalized_roughness""]",OBSERVED,1.5124304928273704,
8,historical/cost/generation,historical_seen_dev_source_ac111d0,HYBRID,COST,actual_generation_calls,boolean,historical_joint,"[""actual_generation_calls""]",OBSERVED,true,
9,historical/cost/framewise_receiver_encode,historical_seen_dev_source_ac111d0,HYBRID,COST,call_receipt,attempted_completed,historical_joint,"[""calls"",""framewise_receiver_encode""]",OBSERVED,"{""attempted"":8,""completed"":8}",
10,historical/cost/sync_score,historical_seen_dev_source_ac111d0,HYBRID,COST,call_receipt,attempted_completed,historical_joint,"[""calls"",""sync_score""]",OBSERVED,"{""attempted"":18,""completed"":18}",
11,historical/cost/blind_wan_receiver_encode,historical_seen_dev_source_ac111d0,HYBRID,COST,call_receipt,attempted_completed,historical_joint,"[""calls"",""blind/wan_receiver_encode""]",OBSERVED,"{""attempted"":21,""completed"":21}",
12,historical/cost/blind_payload_read,historical_seen_dev_source_ac111d0,HYBRID,COST,call_receipt,attempted_completed,historical_joint,"[""calls"",""blind/payload_read""]",OBSERVED,"{""attempted"":30,""completed"":30}",
13,historical/cost/oracle_payload_read,historical_seen_dev_source_ac111d0,HYBRID,COST,call_receipt,attempted_completed,historical_joint,"[""calls"",""oracle/payload_read""]",OBSERVED,"{""attempted"":2,""completed"":2}",
14,historical/cost/quality_compute,historical_seen_dev_source_ac111d0,HYBRID,COST,call_receipt,attempted_completed,historical_joint,"[""calls"",""quality_compute""]",OBSERVED,"{""attempted"":6,""completed"":6}",
15,historical/cost/wall_seconds,historical_seen_dev_source_ac111d0,HYBRID,COST,wall_seconds,seconds,historical_joint,"[""cost"",""wall_seconds""]",MISSING,,planned measurement locator absent from result
