manifest_index,slot_id,source_id,arm,receiver_mode,view,key_role,result_id,locator,planned_bits,state,reason,truth
0,historical/global_00/K0/BASELINE,historical_seen_dev_source_ac111d0,HYBRID,RAW,global_00,CORRECT_KEY,historical_joint,global_00/K0/BASELINE,32,OBSERVED,,"{""absolute_path_correct"":null,""b_correct"":null,""bit_denominator"":32,""bit_errors"":0,""error_bits"":[],""exact_recovery"":true,""family_correct"":null,""geometry_only"":true,""k_absolute_error"":null,""k_signed_error"":null,""key_role"":""CORRECT_KEY"",""oracle"":false,""phase_correct"":null,""source_map_correct"":null,""source_map_denominator"":181,""status"":""EVALUATED_TRUTH""}"
1,historical/global_00/K0/EST_ALIGN,historical_seen_dev_source_ac111d0,HYBRID,GLOBAL,global_00,CORRECT_KEY,historical_joint,global_00/K0/EST_ALIGN,32,OBSERVED,,"{""absolute_path_correct"":true,""b_correct"":true,""bit_denominator"":32,""bit_errors"":0,""error_bits"":[],""exact_recovery"":true,""family_correct"":true,""geometry_only"":true,""k_absolute_error"":null,""k_signed_error"":null,""key_role"":""CORRECT_KEY"",""oracle"":false,""phase_correct"":true,""source_map_correct"":181,""source_map_denominator"":181,""status"":""EVALUATED_TRUTH""}"
2,historical/global_00/K1/BASELINE,historical_seen_dev_source_ac111d0,HYBRID,RAW,global_00,WRONG_KEY,historical_joint,global_00/K1/BASELINE,32,OBSERVED,,"{""absolute_path_correct"":null,""b_correct"":null,""bit_denominator"":32,""bit_errors"":11,""error_bits"":[0,2,3,10,12,13,16,18,19,26,29],""exact_recovery"":false,""family_correct"":null,""geometry_only"":true,""k_absolute_error"":null,""k_signed_error"":null,""key_role"":""WRONG_KEY"",""oracle"":false,""phase_correct"":null,""source_map_correct"":null,""source_map_denominator"":181,""status"":""EVALUATED_TRUTH""}"
3,historical/global_00/K1/EST_ALIGN,historical_seen_dev_source_ac111d0,HYBRID,GLOBAL,global_00,WRONG_KEY,historical_joint,global_00/K1/EST_ALIGN,32,OBSERVED,,"{""absolute_path_correct"":true,""b_correct"":true,""bit_denominator"":32,""bit_errors"":11,""error_bits"":[0,2,3,10,12,13,16,18,19,26,29],""exact_recovery"":false,""family_correct"":true,""geometry_only"":true,""k_absolute_error"":null,""k_signed_error"":null,""key_role"":""WRONG_KEY"",""oracle"":false,""phase_correct"":true,""source_map_correct"":181,""source_map_denominator"":181,""status"":""EVALUATED_TRUTH""}"
4,historical/global_01/K0/BASELINE,historical_seen_dev_source_ac111d0,HYBRID,RAW,global_01,CORRECT_KEY,historical_joint,global_01/K0/BASELINE,32,OBSERVED,,"{""absolute_path_correct"":null,""b_correct"":null,""bit_denominator"":32,""bit_errors"":0,""error_bits"":[],""exact_recovery"":true,""family_correct"":null,""geometry_only"":false,""k_absolute_error"":null,""k_signed_error"":null,""key_role"":""CORRECT_KEY"",""oracle"":false,""phase_correct"":null,""source_map_correct"":null,""source_map_denominator"":177,""status"":""EVALUATED_TRUTH""}"
5,historical/global_01/K0/EST_ALIGN,historical_seen_dev_source_ac111d0,HYBRID,GLOBAL,global_01,CORRECT_KEY,historical_joint,global_01/K0/EST_ALIGN,32,OBSERVED,,"{""absolute_path_correct"":true,""b_correct"":true,""bit_denominator"":32,""bit_errors"":0,""conditional_interpretation"":""FIXED_CASE_SUPPORTED"",""error_bits"":[],""exact_recovery"":true,""family_correct"":true,""geometry_only"":false,""k_absolute_error"":null,""k_signed_error"":null,""key_role"":""CORRECT_KEY"",""oracle"":false,""phase_correct"":true,""source_map_correct"":177,""source_map_denominator"":177,""status"":""EVALUATED_TRUTH""}"
6,historical/global_01/K1/BASELINE,historical_seen_dev_source_ac111d0,HYBRID,RAW,global_01,WRONG_KEY,historical_joint,global_01/K1/BASELINE,32,OBSERVED,,"{""absolute_path_correct"":null,""b_correct"":null,""bit_denominator"":32,""bit_errors"":11,""error_bits"":[0,2,3,10,12,13,16,18,19,26,29],""exact_recovery"":false,""family_correct"":null,""geometry_only"":false,""k_absolute_error"":null,""k_signed_error"":null,""key_role"":""WRONG_KEY"",""oracle"":false,""phase_correct"":null,""source_map_correct"":null,""source_map_denominator"":177,""status"":""EVALUATED_TRUTH""}"
7,historical/global_01/K1/EST_ALIGN,historical_seen_dev_source_ac111d0,HYBRID,GLOBAL,global_01,WRONG_KEY,historical_joint,global_01/K1/EST_ALIGN,32,OBSERVED,,"{""absolute_path_correct"":false,""b_correct"":false,""bit_denominator"":32,""bit_errors"":11,""error_bits"":[0,2,3,10,12,13,16,18,19,26,29],""exact_recovery"":false,""family_correct"":true,""geometry_only"":false,""k_absolute_error"":null,""k_signed_error"":null,""key_role"":""WRONG_KEY"",""oracle"":false,""phase_correct"":false,""source_map_correct"":0,""source_map_denominator"":177,""status"":""EVALUATED_TRUTH""}"
8,historical/global_02/K0/BASELINE,historical_seen_dev_source_ac111d0,HYBRID,RAW,global_02,CORRECT_KEY,historical_joint,global_02/K0/BASELINE,32,OBSERVED,,"{""absolute_path_correct"":null,""b_correct"":null,""bit_denominator"":32,""bit_errors"":0,""error_bits"":[],""exact_recovery"":true,""family_correct"":null,""geometry_only"":false,""k_absolute_error"":null,""k_signed_error"":null,""key_role"":""CORRECT_KEY"",""oracle"":false,""phase_correct"":null,""source_map_correct"":null,""source_map_denominator"":89,""status"":""EVALUATED_TRUTH""}"
9,historical/global_02/K0/EST_ALIGN,historical_seen_dev_source_ac111d0,HYBRID,GLOBAL,global_02,CORRECT_KEY,historical_joint,global_02/K0/EST_ALIGN,32,OBSERVED,,"{""absolute_path_correct"":true,""b_correct"":true,""bit_denominator"":32,""bit_errors"":0,""conditional_interpretation"":""FIXED_CASE_SUPPORTED"",""error_bits"":[],""exact_recovery"":true,""family_correct"":true,""geometry_only"":false,""k_absolute_error"":null,""k_signed_error"":null,""key_role"":""CORRECT_KEY"",""oracle"":false,""phase_correct"":true,""source_map_correct"":89,""source_map_denominator"":89,""status"":""EVALUATED_TRUTH""}"
10,historical/global_02/K1/BASELINE,historical_seen_dev_source_ac111d0,HYBRID,RAW,global_02,WRONG_KEY,historical_joint,global_02/K1/BASELINE,32,OBSERVED,,"{""absolute_path_correct"":null,""b_correct"":null,""bit_denominator"":32,""bit_errors"":11,""error_bits"":[0,2,3,10,12,13,16,18,19,26,29],""exact_recovery"":false,""family_correct"":null,""geometry_only"":false,""k_absolute_error"":null,""k_signed_error"":null,""key_role"":""WRONG_KEY"",""oracle"":false,""phase_correct"":null,""source_map_correct"":null,""source_map_denominator"":89,""status"":""EVALUATED_TRUTH""}"
11,historical/global_02/K1/EST_ALIGN,historical_seen_dev_source_ac111d0,HYBRID,GLOBAL,global_02,WRONG_KEY,historical_joint,global_02/K1/EST_ALIGN,32,OBSERVED,,"{""absolute_path_correct"":false,""b_correct"":false,""bit_denominator"":32,""bit_errors"":12,""error_bits"":[0,2,3,8,10,12,13,16,18,19,26,29],""exact_recovery"":false,""family_correct"":true,""geometry_only"":false,""k_absolute_error"":null,""k_signed_error"":null,""key_role"":""WRONG_KEY"",""oracle"":false,""phase_correct"":false,""source_map_correct"":0,""source_map_denominator"":89,""status"":""EVALUATED_TRUTH""}"
12,historical/global_03/K0/BASELINE,historical_seen_dev_source_ac111d0,HYBRID,RAW,global_03,CORRECT_KEY,historical_joint,global_03/K0/BASELINE,32,OBSERVED,,"{""absolute_path_correct"":null,""b_correct"":null,""bit_denominator"":32,""bit_errors"":0,""error_bits"":[],""exact_recovery"":true,""family_correct"":null,""geometry_only"":false,""k_absolute_error"":null,""k_signed_error"":null,""key_role"":""CORRECT_KEY"",""oracle"":false,""phase_correct"":null,""source_map_correct"":null,""source_map_denominator"":177,""status"":""EVALUATED_TRUTH""}"
13,historical/global_03/K0/EST_ALIGN,historical_seen_dev_source_ac111d0,HYBRID,GLOBAL,global_03,CORRECT_KEY,historical_joint,global_03/K0/EST_ALIGN,32,OBSERVED,,"{""absolute_path_correct"":true,""b_correct"":true,""bit_denominator"":32,""bit_errors"":0,""conditional_interpretation"":""FIXED_CASE_SUPPORTED"",""error_bits"":[],""exact_recovery"":true,""family_correct"":true,""geometry_only"":false,""k_absolute_error"":null,""k_signed_error"":null,""key_role"":""CORRECT_KEY"",""oracle"":false,""phase_correct"":true,""source_map_correct"":177,""source_map_denominator"":177,""status"":""EVALUATED_TRUTH""}"
14,historical/global_03/K1/BASELINE,historical_seen_dev_source_ac111d0,HYBRID,RAW,global_03,WRONG_KEY,historical_joint,global_03/K1/BASELINE,32,OBSERVED,,"{""absolute_path_correct"":null,""b_correct"":null,""bit_denominator"":32,""bit_errors"":11,""error_bits"":[0,2,3,10,12,13,16,18,19,26,29],""exact_recovery"":false,""family_correct"":null,""geometry_only"":false,""k_absolute_error"":null,""k_signed_error"":null,""key_role"":""WRONG_KEY"",""oracle"":false,""phase_correct"":null,""source_map_correct"":null,""source_map_denominator"":177,""status"":""EVALUATED_TRUTH""}"
15,historical/global_03/K1/EST_ALIGN,historical_seen_dev_source_ac111d0,HYBRID,GLOBAL,global_03,WRONG_KEY,historical_joint,global_03/K1/EST_ALIGN,32,OBSERVED,,"{""absolute_path_correct"":false,""b_correct"":false,""bit_denominator"":32,""bit_errors"":11,""error_bits"":[0,2,3,10,12,13,16,18,19,26,29],""exact_recovery"":false,""family_correct"":true,""geometry_only"":false,""k_absolute_error"":null,""k_signed_error"":null,""key_role"":""WRONG_KEY"",""oracle"":false,""phase_correct"":false,""source_map_correct"":0,""source_map_denominator"":177,""status"":""EVALUATED_TRUTH""}"
16,historical/global_04/K0/BASELINE,historical_seen_dev_source_ac111d0,HYBRID,RAW,global_04,CORRECT_KEY,historical_joint,global_04/K0/BASELINE,32,OBSERVED,,"{""absolute_path_correct"":null,""b_correct"":null,""bit_denominator"":32,""bit_errors"":0,""error_bits"":[],""exact_recovery"":true,""family_correct"":null,""geometry_only"":false,""k_absolute_error"":null,""k_signed_error"":null,""key_role"":""CORRECT_KEY"",""oracle"":false,""phase_correct"":null,""source_map_correct"":null,""source_map_denominator"":177,""status"":""EVALUATED_TRUTH""}"
17,historical/global_04/K0/EST_ALIGN,historical_seen_dev_source_ac111d0,HYBRID,GLOBAL,global_04,CORRECT_KEY,historical_joint,global_04/K0/EST_ALIGN,32,OBSERVED,,"{""absolute_path_correct"":true,""b_correct"":true,""bit_denominator"":32,""bit_errors"":0,""conditional_interpretation"":""FIXED_CASE_SUPPORTED"",""error_bits"":[],""exact_recovery"":true,""family_correct"":true,""geometry_only"":false,""k_absolute_error"":null,""k_signed_error"":null,""key_role"":""CORRECT_KEY"",""oracle"":false,""phase_correct"":true,""source_map_correct"":177,""source_map_denominator"":177,""status"":""EVALUATED_TRUTH""}"
18,historical/global_04/K1/BASELINE,historical_seen_dev_source_ac111d0,HYBRID,RAW,global_04,WRONG_KEY,historical_joint,global_04/K1/BASELINE,32,OBSERVED,,"{""absolute_path_correct"":null,""b_correct"":null,""bit_denominator"":32,""bit_errors"":12,""error_bits"":[0,2,3,8,10,12,13,16,18,19,26,29],""exact_recovery"":false,""family_correct"":null,""geometry_only"":false,""k_absolute_error"":null,""k_signed_error"":null,""key_role"":""WRONG_KEY"",""oracle"":false,""phase_correct"":null,""source_map_correct"":null,""source_map_denominator"":177,""status"":""EVALUATED_TRUTH""}"
19,historical/global_04/K1/EST_ALIGN,historical_seen_dev_source_ac111d0,HYBRID,GLOBAL,global_04,WRONG_KEY,historical_joint,global_04/K1/EST_ALIGN,32,OBSERVED,,"{""absolute_path_correct"":true,""b_correct"":true,""bit_denominator"":32,""bit_errors"":11,""error_bits"":[0,2,3,10,12,13,16,18,19,26,29],""exact_recovery"":false,""family_correct"":true,""geometry_only"":false,""k_absolute_error"":null,""k_signed_error"":null,""key_role"":""WRONG_KEY"",""oracle"":false,""phase_correct"":true,""source_map_correct"":177,""source_map_denominator"":177,""status"":""EVALUATED_TRUTH""}"
20,historical/global_05/K0/BASELINE,historical_seen_dev_source_ac111d0,HYBRID,RAW,global_05,CORRECT_KEY,historical_joint,global_05/K0/BASELINE,32,OBSERVED,,"{""absolute_path_correct"":null,""b_correct"":null,""bit_denominator"":32,""bit_errors"":0,""error_bits"":[],""exact_recovery"":true,""family_correct"":null,""geometry_only"":false,""k_absolute_error"":null,""k_signed_error"":null,""key_role"":""CORRECT_KEY"",""oracle"":false,""phase_correct"":null,""source_map_correct"":null,""source_map_denominator"":89,""status"":""EVALUATED_TRUTH""}"
21,historical/global_05/K0/EST_ALIGN,historical_seen_dev_source_ac111d0,HYBRID,GLOBAL,global_05,CORRECT_KEY,historical_joint,global_05/K0/EST_ALIGN,32,OBSERVED,,"{""absolute_path_correct"":true,""b_correct"":true,""bit_denominator"":32,""bit_errors"":0,""conditional_interpretation"":""FIXED_CASE_SUPPORTED"",""error_bits"":[],""exact_recovery"":true,""family_correct"":true,""geometry_only"":false,""k_absolute_error"":null,""k_signed_error"":null,""key_role"":""CORRECT_KEY"",""oracle"":false,""phase_correct"":true,""source_map_correct"":89,""source_map_denominator"":89,""status"":""EVALUATED_TRUTH""}"
22,historical/global_05/K1/BASELINE,historical_seen_dev_source_ac111d0,HYBRID,RAW,global_05,WRONG_KEY,historical_joint,global_05/K1/BASELINE,32,OBSERVED,,"{""absolute_path_correct"":null,""b_correct"":null,""bit_denominator"":32,""bit_errors"":10,""error_bits"":[0,2,3,12,13,16,18,19,26,29],""exact_recovery"":false,""family_correct"":null,""geometry_only"":false,""k_absolute_error"":null,""k_signed_error"":null,""key_role"":""WRONG_KEY"",""oracle"":false,""phase_correct"":null,""source_map_correct"":null,""source_map_denominator"":89,""status"":""EVALUATED_TRUTH""}"
23,historical/global_05/K1/EST_ALIGN,historical_seen_dev_source_ac111d0,HYBRID,GLOBAL,global_05,WRONG_KEY,historical_joint,global_05/K1/EST_ALIGN,32,OBSERVED,,"{""absolute_path_correct"":false,""b_correct"":false,""bit_denominator"":32,""bit_errors"":11,""error_bits"":[0,2,3,10,12,13,16,18,19,26,29],""exact_recovery"":false,""family_correct"":true,""geometry_only"":false,""k_absolute_error"":null,""k_signed_error"":null,""key_role"":""WRONG_KEY"",""oracle"":false,""phase_correct"":false,""source_map_correct"":0,""source_map_denominator"":89,""status"":""EVALUATED_TRUTH""}"
24,historical/global_06/K0/BASELINE,historical_seen_dev_source_ac111d0,HYBRID,RAW,global_06,CORRECT_KEY,historical_joint,global_06/K0/BASELINE,32,OBSERVED,,"{""absolute_path_correct"":null,""b_correct"":null,""bit_denominator"":32,""bit_errors"":0,""error_bits"":[],""exact_recovery"":true,""family_correct"":null,""geometry_only"":false,""k_absolute_error"":null,""k_signed_error"":null,""key_role"":""CORRECT_KEY"",""oracle"":false,""phase_correct"":null,""source_map_correct"":null,""source_map_denominator"":89,""status"":""EVALUATED_TRUTH""}"
25,historical/global_06/K0/EST_ALIGN,historical_seen_dev_source_ac111d0,HYBRID,GLOBAL,global_06,CORRECT_KEY,historical_joint,global_06/K0/EST_ALIGN,32,OBSERVED,,"{""absolute_path_correct"":true,""b_correct"":true,""bit_denominator"":32,""bit_errors"":0,""conditional_interpretation"":""FIXED_CASE_SUPPORTED"",""error_bits"":[],""exact_recovery"":true,""family_correct"":true,""geometry_only"":false,""k_absolute_error"":null,""k_signed_error"":null,""key_role"":""CORRECT_KEY"",""oracle"":false,""phase_correct"":true,""source_map_correct"":89,""source_map_denominator"":89,""status"":""EVALUATED_TRUTH""}"
26,historical/global_06/K1/BASELINE,historical_seen_dev_source_ac111d0,HYBRID,RAW,global_06,WRONG_KEY,historical_joint,global_06/K1/BASELINE,32,OBSERVED,,"{""absolute_path_correct"":null,""b_correct"":null,""bit_denominator"":32,""bit_errors"":12,""error_bits"":[0,2,3,8,10,12,13,16,18,19,26,29],""exact_recovery"":false,""family_correct"":null,""geometry_only"":false,""k_absolute_error"":null,""k_signed_error"":null,""key_role"":""WRONG_KEY"",""oracle"":false,""phase_correct"":null,""source_map_correct"":null,""source_map_denominator"":89,""status"":""EVALUATED_TRUTH""}"
27,historical/global_06/K1/EST_ALIGN,historical_seen_dev_source_ac111d0,HYBRID,GLOBAL,global_06,WRONG_KEY,historical_joint,global_06/K1/EST_ALIGN,32,OBSERVED,,"{""absolute_path_correct"":false,""b_correct"":false,""bit_denominator"":32,""bit_errors"":11,""error_bits"":[0,2,3,10,12,13,16,18,19,26,29],""exact_recovery"":false,""family_correct"":true,""geometry_only"":false,""k_absolute_error"":null,""k_signed_error"":null,""key_role"":""WRONG_KEY"",""oracle"":false,""phase_correct"":false,""source_map_correct"":0,""source_map_denominator"":89,""status"":""EVALUATED_TRUTH""}"
28,historical/path_00/K0/RAW,historical_seen_dev_source_ac111d0,HYBRID,RAW,path_00,CORRECT_KEY,historical_joint,path_00/K0/RAW,32,OBSERVED,,"{""absolute_path_correct"":null,""b_correct"":null,""bit_denominator"":32,""bit_errors"":0,""error_bits"":[],""exact_recovery"":true,""family_correct"":null,""geometry_only"":false,""k_absolute_error"":null,""k_signed_error"":null,""key_role"":""CORRECT_KEY"",""oracle"":false,""phase_correct"":null,""source_map_correct"":null,""source_map_denominator"":177,""status"":""EVALUATED_TRUTH""}"
29,historical/path_00/K0/GLOBAL_ALIGN,historical_seen_dev_source_ac111d0,HYBRID,GLOBAL,path_00,CORRECT_KEY,historical_joint,path_00/K0/GLOBAL_ALIGN,32,OBSERVED,,"{""absolute_path_correct"":true,""b_correct"":true,""bit_denominator"":32,""bit_errors"":0,""error_bits"":[],""exact_recovery"":true,""family_correct"":true,""geometry_only"":false,""k_absolute_error"":null,""k_signed_error"":null,""key_role"":""CORRECT_KEY"",""oracle"":false,""phase_correct"":true,""source_map_correct"":177,""source_map_denominator"":177,""status"":""EVALUATED_TRUTH""}"
30,historical/path_00/K0/PATH_ALIGN,historical_seen_dev_source_ac111d0,HYBRID,PATH,path_00,CORRECT_KEY,historical_joint,path_00/K0/PATH_ALIGN,32,OBSERVED,,"{""absolute_path_correct"":true,""b_correct"":true,""bit_denominator"":32,""bit_errors"":0,""conditional_interpretation"":""FIXED_CASE_SUPPORTED"",""error_bits"":[],""exact_recovery"":true,""family_correct"":true,""geometry_only"":false,""k_absolute_error"":null,""k_signed_error"":null,""key_role"":""CORRECT_KEY"",""oracle"":false,""phase_correct"":true,""source_map_correct"":177,""source_map_denominator"":177,""status"":""EVALUATED_TRUTH""}"
31,historical/path_00/K0/TRUTH_PATH,historical_seen_dev_source_ac111d0,HYBRID,ORACLE,path_00,CORRECT_KEY,historical_joint,path_00/K0/TRUTH_PATH,32,OBSERVED,,"{""absolute_path_correct"":true,""b_correct"":true,""bit_denominator"":32,""bit_errors"":0,""error_bits"":[],""exact_recovery"":true,""family_correct"":true,""geometry_only"":false,""k_absolute_error"":null,""k_signed_error"":null,""key_role"":""CORRECT_KEY"",""oracle"":true,""phase_correct"":true,""source_map_correct"":177,""source_map_denominator"":177,""status"":""EVALUATED_TRUTH""}"
32,historical/path_00/K1/RAW,historical_seen_dev_source_ac111d0,HYBRID,RAW,path_00,WRONG_KEY,historical_joint,path_00/K1/RAW,32,OBSERVED,,"{""absolute_path_correct"":null,""b_correct"":null,""bit_denominator"":32,""bit_errors"":11,""error_bits"":[0,2,3,10,12,13,16,18,19,26,29],""exact_recovery"":false,""family_correct"":null,""geometry_only"":false,""k_absolute_error"":null,""k_signed_error"":null,""key_role"":""WRONG_KEY"",""oracle"":false,""phase_correct"":null,""source_map_correct"":null,""source_map_denominator"":177,""status"":""EVALUATED_TRUTH""}"
33,historical/path_00/K1/GLOBAL_ALIGN,historical_seen_dev_source_ac111d0,HYBRID,GLOBAL,path_00,WRONG_KEY,historical_joint,path_00/K1/GLOBAL_ALIGN,32,OBSERVED,,"{""absolute_path_correct"":false,""b_correct"":false,""bit_denominator"":32,""bit_errors"":11,""error_bits"":[0,2,3,10,12,13,16,18,19,26,29],""exact_recovery"":false,""family_correct"":true,""geometry_only"":false,""k_absolute_error"":null,""k_signed_error"":null,""key_role"":""WRONG_KEY"",""oracle"":false,""phase_correct"":false,""source_map_correct"":0,""source_map_denominator"":177,""status"":""EVALUATED_TRUTH""}"
34,historical/path_00/K1/PATH_ALIGN,historical_seen_dev_source_ac111d0,HYBRID,PATH,path_00,WRONG_KEY,historical_joint,path_00/K1/PATH_ALIGN,32,OBSERVED,,"{""absolute_path_correct"":false,""b_correct"":false,""bit_denominator"":32,""bit_errors"":11,""error_bits"":[0,2,3,10,12,13,16,18,19,26,29],""exact_recovery"":false,""family_correct"":false,""geometry_only"":false,""k_absolute_error"":null,""k_signed_error"":null,""key_role"":""WRONG_KEY"",""oracle"":false,""phase_correct"":false,""source_map_correct"":0,""source_map_denominator"":177,""status"":""EVALUATED_TRUTH""}"
35,historical/path_00/K1/TRUTH_PATH,historical_seen_dev_source_ac111d0,HYBRID,ORACLE,path_00,WRONG_KEY,historical_joint,path_00/K1/TRUTH_PATH,32,OBSERVED,,"{""absolute_path_correct"":true,""b_correct"":true,""bit_denominator"":32,""bit_errors"":11,""error_bits"":[0,2,3,10,12,13,16,18,19,26,29],""exact_recovery"":false,""family_correct"":true,""geometry_only"":false,""k_absolute_error"":null,""k_signed_error"":null,""key_role"":""WRONG_KEY"",""oracle"":true,""phase_correct"":true,""source_map_correct"":177,""source_map_denominator"":177,""status"":""EVALUATED_TRUTH""}"
36,historical/path_01/K0/RAW,historical_seen_dev_source_ac111d0,HYBRID,RAW,path_01,CORRECT_KEY,historical_joint,path_01/K0/RAW,32,OBSERVED,,"{""absolute_path_correct"":null,""b_correct"":null,""bit_denominator"":32,""bit_errors"":0,""error_bits"":[],""exact_recovery"":true,""family_correct"":null,""geometry_only"":false,""k_absolute_error"":null,""k_signed_error"":null,""key_role"":""CORRECT_KEY"",""oracle"":false,""phase_correct"":null,""source_map_correct"":null,""source_map_denominator"":177,""status"":""EVALUATED_TRUTH""}"
37,historical/path_01/K0/GLOBAL_ALIGN,historical_seen_dev_source_ac111d0,HYBRID,GLOBAL,path_01,CORRECT_KEY,historical_joint,path_01/K0/GLOBAL_ALIGN,32,OBSERVED,,"{""absolute_path_correct"":false,""b_correct"":true,""bit_denominator"":32,""bit_errors"":0,""error_bits"":[],""exact_recovery"":true,""family_correct"":false,""geometry_only"":false,""k_absolute_error"":null,""k_signed_error"":null,""key_role"":""CORRECT_KEY"",""oracle"":false,""phase_correct"":true,""source_map_correct"":88,""source_map_denominator"":177,""status"":""EVALUATED_TRUTH""}"
38,historical/path_01/K0/PATH_ALIGN,historical_seen_dev_source_ac111d0,HYBRID,PATH,path_01,CORRECT_KEY,historical_joint,path_01/K0/PATH_ALIGN,32,OBSERVED,,"{""absolute_path_correct"":true,""b_correct"":true,""bit_denominator"":32,""bit_errors"":0,""conditional_interpretation"":""FIXED_CASE_SUPPORTED"",""error_bits"":[],""exact_recovery"":true,""family_correct"":true,""geometry_only"":false,""k_absolute_error"":0,""k_signed_error"":0,""key_role"":""CORRECT_KEY"",""oracle"":false,""phase_correct"":true,""source_map_correct"":177,""source_map_denominator"":177,""status"":""EVALUATED_TRUTH""}"
39,historical/path_01/K0/TRUTH_PATH,historical_seen_dev_source_ac111d0,HYBRID,ORACLE,path_01,CORRECT_KEY,historical_joint,path_01/K0/TRUTH_PATH,32,OBSERVED,,"{""absolute_path_correct"":true,""b_correct"":true,""bit_denominator"":32,""bit_errors"":0,""error_bits"":[],""exact_recovery"":true,""family_correct"":true,""geometry_only"":false,""k_absolute_error"":0,""k_signed_error"":0,""key_role"":""CORRECT_KEY"",""oracle"":true,""phase_correct"":true,""source_map_correct"":177,""source_map_denominator"":177,""status"":""EVALUATED_TRUTH""}"
40,historical/path_01/K1/RAW,historical_seen_dev_source_ac111d0,HYBRID,RAW,path_01,WRONG_KEY,historical_joint,path_01/K1/RAW,32,OBSERVED,,"{""absolute_path_correct"":null,""b_correct"":null,""bit_denominator"":32,""bit_errors"":12,""error_bits"":[0,2,3,8,10,12,13,16,18,19,26,29],""exact_recovery"":false,""family_correct"":null,""geometry_only"":false,""k_absolute_error"":null,""k_signed_error"":null,""key_role"":""WRONG_KEY"",""oracle"":false,""phase_correct"":null,""source_map_correct"":null,""source_map_denominator"":177,""status"":""EVALUATED_TRUTH""}"
41,historical/path_01/K1/GLOBAL_ALIGN,historical_seen_dev_source_ac111d0,HYBRID,GLOBAL,path_01,WRONG_KEY,historical_joint,path_01/K1/GLOBAL_ALIGN,32,OBSERVED,,"{""absolute_path_correct"":false,""b_correct"":false,""bit_denominator"":32,""bit_errors"":12,""error_bits"":[0,2,3,8,10,12,13,16,18,19,26,29],""exact_recovery"":false,""family_correct"":false,""geometry_only"":false,""k_absolute_error"":null,""k_signed_error"":null,""key_role"":""WRONG_KEY"",""oracle"":false,""phase_correct"":false,""source_map_correct"":0,""source_map_denominator"":177,""status"":""EVALUATED_TRUTH""}"
42,historical/path_01/K1/PATH_ALIGN,historical_seen_dev_source_ac111d0,HYBRID,PATH,path_01,WRONG_KEY,historical_joint,path_01/K1/PATH_ALIGN,32,OBSERVED,,"{""absolute_path_correct"":false,""b_correct"":true,""bit_denominator"":32,""bit_errors"":11,""error_bits"":[0,2,3,10,12,13,16,18,19,26,29],""exact_recovery"":false,""family_correct"":true,""geometry_only"":false,""k_absolute_error"":45,""k_signed_error"":45,""key_role"":""WRONG_KEY"",""oracle"":false,""phase_correct"":true,""source_map_correct"":132,""source_map_denominator"":177,""status"":""EVALUATED_TRUTH""}"
43,historical/path_01/K1/TRUTH_PATH,historical_seen_dev_source_ac111d0,HYBRID,ORACLE,path_01,WRONG_KEY,historical_joint,path_01/K1/TRUTH_PATH,32,OBSERVED,,"{""absolute_path_correct"":true,""b_correct"":true,""bit_denominator"":32,""bit_errors"":11,""error_bits"":[0,2,3,10,12,13,16,18,19,26,29],""exact_recovery"":false,""family_correct"":true,""geometry_only"":false,""k_absolute_error"":0,""k_signed_error"":0,""key_role"":""WRONG_KEY"",""oracle"":true,""phase_correct"":true,""source_map_correct"":177,""source_map_denominator"":177,""status"":""EVALUATED_TRUTH""}"
