pilot,attack,arm,status,reason,received_frames,evaluation_status,evaluation_reason,source_start,source_end,max_dwell,distinct_sources,objective,runner_up_objective,gap,exact_tie,raw_q_path_sum,centered_q_path_sum,start_error,in_support_frames,in_support_fraction,all_frames_in_support,support_error_sum,support_error_mean,support_error_max,weighted_error_sum,weighted_error_mean,weighted_error_max,truth_d4_feasible
p1,full,RAW_U,ESTIMATED,,181,EVALUATED,,0,180,22,152,72.1866962754845,72.18196201328045,0.0047342622040389415,False,72.18669627548448,58.46325091667521,0,152,0.8397790055248618,False,165,0.9116022099447514,16,165.0,0.9116022099447514,16.0,True
p1,full,CENTERED_U,ESTIMATED,,181,EVALUATED,,0,180,1,181,67.88748935340269,67.75063652146535,0.13685283193733255,False,71.21372607958324,67.88748935340267,0,181,1.0,True,0,0.0,0,0.0,0.0,0.0,True
p1,full,RAW_D4,ESTIMATED,,181,EVALUATED,,0,180,4,169,71.91196066666106,71.907226404457,0.004734262204053152,False,71.91196066666105,64.34826894720979,0,169,0.9337016574585635,False,20,0.11049723756906077,3,20.0,0.11049723756906077,3.0,True
p1,full,CENTERED_D4,ESTIMATED,,181,EVALUATED,,0,180,1,181,67.88748935340269,67.75063652146535,0.13685283193733255,False,71.21372607958324,67.88748935340267,0,181,1.0,True,0,0.0,0,0.0,0.0,0.0,True
p1,crop37_126,RAW_U,ESTIMATED,,89,EVALUATED,,37,161,74,12,33.87184425635116,33.85642631352054,0.015417942830623588,False,33.87184425635116,3.086423344029454,0,10,0.11235955056179775,False,1426,16.02247191011236,37,1426.0,16.02247191011236,37.0,True
p1,crop37_126,CENTERED_U,ESTIMATED,,89,EVALUATED,,37,125,1,89,28.355119921365787,28.25106090750471,0.10405901386107885,False,29.516805927154014,28.35511992136579,0,89,1.0,True,0,0.0,0,0.0,0.0,0.0,True
p1,crop37_126,RAW_D4,ESTIMATED,,89,EVALUATED,,37,161,4,79,30.487796523307342,30.482317170136938,0.005479353170404266,False,30.487796523307335,25.710833372629622,0,78,0.8764044943820225,False,53,0.5955056179775281,36,53.0,0.5955056179775281,36.0,True
p1,crop37_126,CENTERED_D4,ESTIMATED,,89,EVALUATED,,37,125,1,89,28.355119921365787,28.25106090750471,0.10405901386107885,False,29.516805927154014,28.35511992136579,0,89,1.0,True,0,0.0,0,0.0,0.0,0.0,True
p1,speed075,RAW_U,ESTIMATED,,241,EVALUATED,,0,180,220,16,89.35342671111317,89.3396051150188,0.013821596094373945,False,89.35342671111319,7.697777600209919,0,21,0.08713692946058091,False,9720,40.33195020746888,103,9720.0,40.33195020746888,103.0,True
p1,speed075,CENTERED_U,ESTIMATED,,241,EVALUATED,,0,180,2,181,78.41711338938572,78.34200141783698,0.07511197154873628,False,84.45561363245508,78.41711338938572,0,241,1.0,True,0,0.0,0,0.0,0.0,0.0,True
p1,speed075,RAW_D4,ESTIMATED,,241,EVALUATED,,0,180,4,163,86.06716765758773,86.06549038973566,0.0016772678520737827,False,86.06716765758769,73.14842793790689,0,219,0.9087136929460581,False,29,0.12033195020746888,2,29.0,0.12033195020746888,2.0,True
p1,speed075,CENTERED_D4,ESTIMATED,,241,EVALUATED,,0,180,2,181,78.41711338938572,78.34200141783698,0.07511197154873628,False,84.45561363245508,78.41711338938572,0,241,1.0,True,0,0.0,0,0.0,0.0,0.0,True
p1,speed125,RAW_U,ESTIMATED,,145,EVALUATED,,0,180,133,13,55.66003297551848,55.642853641391035,0.017179334127447987,False,55.66003297551846,5.340218820451393,0,12,0.08275862068965517,False,5900,40.689655172413794,102,5900.0,40.689655172413794,102.0,True
p1,speed125,CENTERED_U,ESTIMATED,,145,EVALUATED,,0,180,1,145,46.668238968223385,46.58060000144626,0.08763896677712779,False,49.64627453705329,46.66823896822341,0,145,1.0,True,0,0.0,0,0.0,0.0,0.0,True
p1,speed125,RAW_D4,ESTIMATED,,145,EVALUATED,,0,180,4,127,51.0393413027971,51.03514969698709,0.004191605810007104,False,51.039341302797084,41.924033576169485,0,125,0.8620689655172413,False,40,0.27586206896551724,4,40.0,0.27586206896551724,4.0,True
p1,speed125,CENTERED_D4,ESTIMATED,,145,EVALUATED,,0,180,1,145,46.668238968223385,46.58060000144626,0.08763896677712779,False,49.64627453705329,46.66823896822341,0,145,1.0,True,0,0.0,0,0.0,0.0,0.0,True
p1,mean3,RAW_U,ESTIMATED,,181,EVALUATED,,0,121,171,4,69.69489639351329,69.68940175037883,0.005494643134454691,False,69.69489639351329,0.6968362624924752,0,4,0.022099447513812154,False,7762,42.88397790055249,97,7941.666666666667,43.87661141804789,98.0,True
p1,mean3,CENTERED_U,ESTIMATED,,181,EVALUATED,,0,180,4,108,25.481943558820756,25.48167202622003,0.00027153260072765306,False,29.516994818560455,25.481943558820763,0,180,0.994475138121547,False,1,0.0055248618784530384,1,154.33333333333334,0.852670349907919,2.0,True
p1,mean3,RAW_D4,ESTIMATED,,181,EVALUATED,,0,179,4,71,44.52645224979387,44.52549284394066,0.0009594058532087502,False,44.52645224979386,18.51196954881997,0,139,0.7679558011049724,False,76,0.4198895027624309,5,237.66666666666666,1.313075506445672,6.0,True
p1,mean3,CENTERED_D4,ESTIMATED,,181,EVALUATED,,0,180,4,108,25.481943558820756,25.48167202622003,0.00027153260072765306,False,29.516994818560455,25.481943558820763,0,180,0.994475138121547,False,1,0.0055248618784530384,1,154.33333333333334,0.852670349907919,2.0,True
p1,mean5,RAW_U,ESTIMATED,,181,EVALUATED,,0,121,162,4,70.20821585845468,70.20561807268376,0.0025977857709165164,False,70.20821585845472,0.8716543741436232,0,6,0.03314917127071823,False,7162,39.569060773480665,87,7519.6,41.54475138121547,89.0,True
p1,mean5,CENTERED_U,ESTIMATED,,181,EVALUATED,,0,180,7,72,19.70850736092884,19.708454481742294,5.2879186547727386e-05,False,21.574049784213884,19.708507360928845,0,175,0.9668508287292817,False,7,0.03867403314917127,2,280.6,1.5502762430939228,4.0,True
p1,mean5,RAW_D4,ESTIMATED,,181,EVALUATED,,0,180,4,56,41.19604797352018,41.195482122478595,0.0005658510415855744,False,41.19604797352018,12.216244529317905,0,129,0.712707182320442,False,180,0.994475138121547,10,480.40000000000003,2.65414364640884,12.0,True
p1,mean5,CENTERED_D4,ESTIMATED,,181,EVALUATED,,0,180,4,78,19.5465826205951,19.546529741408552,5.2879186547727386e-05,False,21.07576922947023,19.546582620595103,0,178,0.9834254143646409,False,3,0.016574585635359115,1,270.40000000000003,1.4939226519337019,3.0,True
p1,delete_g0,RAW_U,ESTIMATED,,163,EVALUATED,,1,180,133,30,60.201083232886695,60.19536429325367,0.005718939633027276,False,60.20108323288671,10.367732566449893,0,29,0.17791411042944785,False,5898,36.1840490797546,103,5898.0,36.1840490797546,103.0,True
p1,delete_g0,CENTERED_U,ESTIMATED,,163,EVALUATED,,1,180,1,163,52.264484284025215,52.18757430246946,0.07690998155575812,False,54.891312369474605,52.26448428402518,0,163,1.0,True,0,0.0,0,0.0,0.0,0.0,True
p1,delete_g0,RAW_D4,ESTIMATED,,163,EVALUATED,,1,180,4,146,56.701358660137934,56.699197028753446,0.0021616313844887713,False,56.70135866013795,48.41507274797058,0,145,0.8895705521472392,False,27,0.1656441717791411,3,27.0,0.1656441717791411,3.0,True
p1,delete_g0,CENTERED_D4,ESTIMATED,,163,EVALUATED,,1,180,1,163,52.264484284025215,52.18757430246946,0.07690998155575812,False,54.891312369474605,52.26448428402518,0,163,1.0,True,0,0.0,0,0.0,0.0,0.0,True
p1,delete_g1,RAW_U,ESTIMATED,,163,EVALUATED,,0,179,112,44,61.8890335636367,61.878322631998806,0.010710931637895271,False,61.88903356363668,15.964265717058117,0,44,0.26993865030674846,False,3757,23.049079754601227,79,3757.0,23.049079754601227,79.0,True
p1,delete_g1,CENTERED_U,ESTIMATED,,163,EVALUATED,,0,179,1,163,52.62837622845371,52.560785700905605,0.06759052754810568,False,55.3400211063506,52.62837622845371,0,163,1.0,True,0,0.0,0,0.0,0.0,0.0,True
p1,delete_g1,RAW_D4,ESTIMATED,,163,EVALUATED,,0,179,4,144,57.394230702235035,57.39049644813694,0.003734254098091583,False,57.39423070223503,48.10407445600457,0,143,0.8773006134969326,False,39,0.2392638036809816,6,39.0,0.2392638036809816,6.0,True
p1,delete_g1,CENTERED_D4,ESTIMATED,,163,EVALUATED,,0,179,1,163,52.62837622845371,52.560785700905605,0.06759052754810568,False,55.3400211063506,52.62837622845371,0,163,1.0,True,0,0.0,0,0.0,0.0,0.0,True
p1,delete_g2,RAW_U,ESTIMATED,,163,EVALUATED,,1,180,75,60,59.730024026154545,59.7291293597625,0.000894666392042609,False,59.73002402615457,21.130535404193154,0,60,0.36809815950920244,False,1695,10.39877300613497,44,1695.0,10.39877300613497,44.0,True
p1,delete_g2,CENTERED_U,ESTIMATED,,163,EVALUATED,,1,180,1,163,52.29563662635011,52.181005231546415,0.11463139480369477,False,55.02031074765224,52.2956366263501,0,163,1.0,True,0,0.0,0,0.0,0.0,0.0,True
p1,delete_g2,RAW_D4,ESTIMATED,,163,EVALUATED,,1,180,4,138,56.70663972498536,56.70574505859331,0.0008946663920497144,False,56.70663972498536,46.441058776863215,0,138,0.8466257668711656,False,39,0.2392638036809816,3,39.0,0.2392638036809816,3.0,True
p1,delete_g2,CENTERED_D4,ESTIMATED,,163,EVALUATED,,1,180,1,163,52.29563662635011,52.181005231546415,0.11463139480369477,False,55.02031074765224,52.2956366263501,0,163,1.0,True,0,0.0,0,0.0,0.0,0.0,True
p1,repeat_g0,RAW_U,ESTIMATED,,199,EVALUATED,,0,180,165,32,74.62655982557104,74.61318375791167,0.013376067659365276,False,74.62655982557104,11.728469209454275,0,32,0.16080402010050251,False,7097,35.663316582914575,102,7097.0,35.663316582914575,102.0,True
p1,repeat_g0,CENTERED_U,ESTIMATED,,199,EVALUATED,,0,180,2,181,64.3539241560524,64.22948007118313,0.12444408486926761,False,68.40772064822545,64.35392415605241,0,199,1.0,True,0,0.0,0,0.0,0.0,0.0,True
p1,repeat_g0,RAW_D4,ESTIMATED,,199,EVALUATED,,0,180,4,161,69.78381124031348,69.78017925157803,0.003631988735449454,False,69.78381124031347,58.57744399847294,0,176,0.8844221105527639,False,35,0.17587939698492464,3,35.0,0.17587939698492464,3.0,True
p1,repeat_g0,CENTERED_D4,ESTIMATED,,199,EVALUATED,,0,180,2,181,64.3539241560524,64.22948007118313,0.12444408486926761,False,68.40772064822545,64.35392415605241,0,199,1.0,True,0,0.0,0,0.0,0.0,0.0,True
p1,repeat_g1,RAW_U,ESTIMATED,,199,EVALUATED,,0,180,165,30,73.91649956332232,73.91423600198392,0.002263561338395448,False,73.91649956332229,11.54843922363315,0,33,0.1658291457286432,False,6996,35.15577889447236,104,6996.0,35.15577889447236,104.0,True
p1,repeat_g1,CENTERED_U,ESTIMATED,,199,EVALUATED,,0,180,2,181,63.94540797945865,63.85861192758129,0.08679605187735717,False,68.20338123865396,63.94540797945866,0,199,1.0,True,0,0.0,0,0.0,0.0,0.0,True
p1,repeat_g1,RAW_D4,ESTIMATED,,199,EVALUATED,,0,180,4,161,69.6640858353568,69.66308176808894,0.0010040672678570672,False,69.66408583535683,58.76417063727471,0,178,0.8944723618090452,False,30,0.1507537688442211,3,30.0,0.1507537688442211,3.0,True
p1,repeat_g1,CENTERED_D4,ESTIMATED,,199,EVALUATED,,0,180,2,181,63.94540797945865,63.85861192758129,0.08679605187735717,False,68.20338123865396,63.94540797945866,0,199,1.0,True,0,0.0,0,0.0,0.0,0.0,True
p1,repeat_g2,RAW_U,ESTIMATED,,199,EVALUATED,,0,180,162,30,74.33819050852259,74.33478989843594,0.0034006100866434963,False,74.33819050852259,11.471976895482493,0,31,0.15577889447236182,False,5955,29.92462311557789,80,5955.0,29.92462311557789,80.0,True
p1,repeat_g2,CENTERED_U,ESTIMATED,,199,EVALUATED,,0,180,2,181,64.18590231961477,64.13375345300585,0.05214886660891693,False,68.21505872635072,64.18590231961477,0,199,1.0,True,0,0.0,0,0.0,0.0,0.0,True
p1,repeat_g2,RAW_D4,ESTIMATED,,199,EVALUATED,,0,180,4,159,70.03184782083461,70.02844721074797,0.0034006100866434963,False,70.03184782083461,58.66467195223657,0,175,0.8793969849246231,False,34,0.1708542713567839,3,34.0,0.1708542713567839,3.0,True
p1,repeat_g2,CENTERED_D4,ESTIMATED,,199,EVALUATED,,0,180,2,181,64.18590231961477,64.13375345300585,0.05214886660891693,False,68.21505872635072,64.18590231961477,0,199,1.0,True,0,0.0,0,0.0,0.0,0.0,True
p1,interp_g0,RAW_U,ESTIMATED,,199,EVALUATED,,0,180,165,31,73.77395046176498,73.77150749651238,0.0024429652525981282,False,73.77395046176494,10.870267106423876,0,31,0.15577889447236182,False,7194,36.15075376884422,103,7203.0,36.19597989949749,103.0,True
p1,interp_g0,CENTERED_U,ESTIMATED,,199,EVALUATED,,0,180,2,181,61.70474661100374,61.70436391831107,0.0003826926926748797,False,65.84996864221604,61.704746611003756,0,199,1.0,True,0,0.0,0,9.0,0.04522613065326633,0.5,True
p1,interp_g0,RAW_D4,ESTIMATED,,199,EVALUATED,,0,180,4,164,68.2018444227232,68.1994014574706,0.0024429652525981282,False,68.20184442272318,57.361994660586426,0,179,0.8994974874371859,False,28,0.1407035175879397,3,37.0,0.18592964824120603,3.0,True
p1,interp_g0,CENTERED_D4,ESTIMATED,,199,EVALUATED,,0,180,2,181,61.70474661100374,61.70436391831107,0.0003826926926748797,False,65.84996864221604,61.704746611003756,0,199,1.0,True,0,0.0,0,9.0,0.04522613065326633,0.5,True
p1,interp_g1,RAW_U,ESTIMATED,,199,EVALUATED,,0,180,171,28,75.1842897329932,75.18071015341944,0.003579579573752767,False,75.18428973299312,9.638528089771455,0,28,0.1407035175879397,False,7339,36.879396984924625,103,7348.0,36.92462311557789,103.0,True
p1,interp_g1,CENTERED_U,ESTIMATED,,199,EVALUATED,,0,180,3,181,61.99528962486393,61.98705525964155,0.008234365222378415,False,65.86437085923951,61.995289624863915,0,199,1.0,True,0,0.0,0,9.0,0.04522613065326633,0.5,True
p1,interp_g1,RAW_D4,ESTIMATED,,199,EVALUATED,,0,180,4,161,68.23473367622272,68.23135040752307,0.0033832686996504435,False,68.23473367622267,56.8194901501729,0,178,0.8944723618090452,False,30,0.1507537688442211,3,39.0,0.19597989949748743,3.0,True
p1,interp_g1,CENTERED_D4,ESTIMATED,,199,EVALUATED,,0,180,3,181,61.99528962486393,61.98705525964155,0.008234365222378415,False,65.86437085923951,61.995289624863915,0,199,1.0,True,0,0.0,0,9.0,0.04522613065326633,0.5,True
p1,interp_g2,RAW_U,ESTIMATED,,199,EVALUATED,,0,74,188,10,73.91845930808766,73.91044826118213,0.008011046905537,False,73.91845930808769,4.399060711804017,0,11,0.05527638190954774,False,8541,42.91959798994975,106,8550.0,42.96482412060301,106.0,True
p1,interp_g2,CENTERED_U,ESTIMATED,,199,EVALUATED,,0,180,2,181,61.262734724921565,61.26182381114992,0.0009109137716478699,False,64.33961687617165,61.26273472492155,0,199,1.0,True,0,0.0,0,9.0,0.04522613065326633,0.5,True
p1,interp_g2,RAW_D4,ESTIMATED,,199,EVALUATED,,0,180,4,159,67.51974942663787,67.51958525001979,0.00016417661808532102,False,67.51974942663786,55.40648798282279,0,174,0.8743718592964824,False,36,0.18090452261306533,3,45.0,0.22613065326633167,3.0,True
p1,interp_g2,CENTERED_D4,ESTIMATED,,199,EVALUATED,,0,180,2,181,61.262734724921565,61.26182381114992,0.0009109137716478699,False,64.33961687617165,61.26273472492155,0,199,1.0,True,0,0.0,0,9.0,0.04522613065326633,0.5,True
p2,full,RAW_U,ESTIMATED,,181,EVALUATED,,0,180,6,169,81.25698466733314,81.25660723010131,0.0003774372318332553,False,81.25698466733314,72.70873130603981,0,169,0.9337016574585635,False,21,0.11602209944751381,4,21.0,0.11602209944751381,4.0,True
p2,full,CENTERED_U,ESTIMATED,,181,EVALUATED,,0,180,1,181,77.35568849814685,77.114994019295,0.24069447885185014,False,80.8452775841817,77.35568849814682,0,181,1.0,True,0,0.0,0,0.0,0.0,0.0,True
p2,full,RAW_D4,ESTIMATED,,181,EVALUATED,,0,180,4,172,81.16261011920864,81.1622326819768,0.0003774372318332553,False,81.16261011920864,73.93773738538238,0,172,0.9502762430939227,False,12,0.06629834254143646,3,12.0,0.06629834254143646,3.0,True
p2,full,CENTERED_D4,ESTIMATED,,181,EVALUATED,,0,180,1,181,77.35568849814685,77.114994019295,0.24069447885185014,False,80.8452775841817,77.35568849814682,0,181,1.0,True,0,0.0,0,0.0,0.0,0.0,True
p2,crop37_126,RAW_U,ESTIMATED,,89,EVALUATED,,37,125,54,36,36.27430569451657,36.254886245944675,0.01941944857189526,False,36.27430569451658,13.404267247352717,0,36,0.4044943820224719,False,1379,15.49438202247191,52,1379.0,15.49438202247191,52.0,True
p2,crop37_126,CENTERED_U,ESTIMATED,,89,EVALUATED,,37,125,1,89,33.65687738296851,33.45397216865971,0.2029052143087995,False,34.94834779097059,33.6568773829685,0,89,1.0,True,0,0.0,0,0.0,0.0,0.0,True
p2,crop37_126,RAW_D4,ESTIMATED,,89,EVALUATED,,37,125,4,84,35.31491687468679,35.3147416937893,0.00017518089748591592,False,35.31491687468679,31.790426531703936,0,84,0.9438202247191011,False,8,0.0898876404494382,3,8.0,0.0898876404494382,3.0,True
p2,crop37_126,CENTERED_D4,ESTIMATED,,89,EVALUATED,,37,125,1,89,33.65687738296851,33.45397216865971,0.2029052143087995,False,34.94834779097059,33.6568773829685,0,89,1.0,True,0,0.0,0,0.0,0.0,0.0,True
p2,speed075,RAW_U,ESTIMATED,,241,EVALUATED,,0,180,58,130,98.76079729755729,98.75180018030305,0.008997117254239129,False,98.76079729755736,67.04728958972883,0,173,0.7178423236514523,False,1175,4.875518672199171,41,1175.0,4.875518672199171,41.0,True
p2,speed075,CENTERED_U,ESTIMATED,,241,EVALUATED,,0,180,2,181,91.92556716600049,91.72488823537984,0.20067893062065423,False,97.18807811652506,91.92556716600043,0,241,1.0,True,0,0.0,0,0.0,0.0,0.0,True
p2,speed075,RAW_D4,ESTIMATED,,241,EVALUATED,,0,180,4,170,98.25235945049549,98.24336233324125,0.008997117254239129,False,98.25235945049555,87.42940166323787,0,227,0.941908713692946,False,14,0.058091286307053944,1,14.0,0.058091286307053944,1.0,True
p2,speed075,CENTERED_D4,ESTIMATED,,241,EVALUATED,,0,180,2,181,91.92556716600049,91.72488823537984,0.20067893062065423,False,97.18807811652506,91.92556716600043,0,241,1.0,True,0,0.0,0,0.0,0.0,0.0,True
p2,speed125,RAW_U,ESTIMATED,,145,EVALUATED,,0,180,39,96,59.82550972506936,59.82028305851885,0.0052266665505129595,False,59.82550972506936,37.125111202253805,0,96,0.6620689655172414,False,892,6.151724137931034,46,892.0,6.151724137931034,46.0,True
p2,speed125,CENTERED_U,ESTIMATED,,145,EVALUATED,,0,180,1,145,54.75747572696159,54.57191276148294,0.18556296547864548,False,58.236802157066876,54.75747572696164,0,145,1.0,True,0,0.0,0,0.0,0.0,0.0,True
p2,speed125,RAW_D4,ESTIMATED,,145,EVALUATED,,0,180,4,131,59.339239145894844,59.33401247934433,0.0052266665505129595,False,59.33923914589486,50.332723356675956,0,131,0.903448275862069,False,21,0.14482758620689656,3,21.0,0.14482758620689656,3.0,True
p2,speed125,CENTERED_D4,ESTIMATED,,145,EVALUATED,,0,180,1,145,54.75747572696159,54.57191276148294,0.18556296547864548,False,58.236802157066876,54.75747572696164,0,145,1.0,True,0,0.0,0,0.0,0.0,0.0,True
p2,mean3,RAW_U,ESTIMATED,,181,EVALUATED,,66,115,175,2,70.46448308879894,70.43401235799803,0.030470730800914225,False,70.46448308879896,0.4454715118517945,65,3,0.016574585635359115,False,8341,46.0828729281768,108,8521.0,47.07734806629834,109.0,True
p2,mean3,CENTERED_U,ESTIMATED,,181,EVALUATED,,0,180,3,105,25.79521932926825,25.795132030351795,8.729891645486987e-05,False,29.259892258175128,25.795219329268253,0,179,0.988950276243094,False,2,0.011049723756906077,1,152.66666666666666,0.8434622467771639,2.0,True
p2,mean3,RAW_D4,ESTIMATED,,181,EVALUATED,,0,180,4,70,47.15219168375996,47.15179357100518,0.00039811275478029984,False,47.15219168375998,19.573578548524683,0,140,0.7734806629834254,False,56,0.30939226519337015,3,217.66666666666666,1.2025782688766113,4.0,True
p2,mean3,CENTERED_D4,ESTIMATED,,181,EVALUATED,,0,180,3,105,25.79521932926825,25.795132030351795,8.729891645486987e-05,False,29.259892258175128,25.795219329268253,0,179,0.988950276243094,False,2,0.011049723756906077,1,152.66666666666666,0.8434622467771639,2.0,True
p2,mean5,RAW_U,ESTIMATED,,181,EVALUATED,,66,115,177,2,71.13143045626093,71.1225218952015,0.008908561059428166,False,71.13143045626093,-0.04840396043034639,64,5,0.027624309392265192,False,8261,45.64088397790055,109,8619.4,47.62099447513812,111.0,True
p2,mean5,CENTERED_U,ESTIMATED,,181,EVALUATED,,0,180,6,72,20.457544461431848,20.45704943273579,0.0004950286960578865,False,24.73195024721124,20.457544461431844,0,176,0.9723756906077348,False,6,0.03314917127071823,2,276.6,1.5281767955801107,4.0,True
p2,mean5,RAW_D4,ESTIMATED,,181,EVALUATED,,0,180,4,60,43.53844427088755,43.53831999991349,0.0001242709740623127,False,43.53844427088754,14.358533165501008,0,158,0.8729281767955801,False,36,0.19889502762430938,3,321.8,1.777900552486188,5.0,True
p2,mean5,CENTERED_D4,ESTIMATED,,181,EVALUATED,,0,180,4,78,20.31422232159397,20.313636180865107,0.0005861407288634268,False,24.951954663132803,20.314222321593967,0,181,1.0,True,0,0.0,0,264.40000000000003,1.4607734806629835,2.0,True
p2,delete_g0,RAW_U,ESTIMATED,,163,EVALUATED,,1,180,36,118,66.30940268777799,66.30864725490574,0.0007554328722534365,False,66.30940268777799,45.39342721796542,0,118,0.7239263803680982,False,735,4.50920245398773,41,735.0,4.50920245398773,41.0,True
p2,delete_g0,CENTERED_U,ESTIMATED,,163,EVALUATED,,1,180,1,163,61.538935487773934,61.37208257756931,0.166852910204625,False,65.11910617184681,61.53893548777391,0,163,1.0,True,0,0.0,0,0.0,0.0,0.0,True
p2,delete_g0,RAW_D4,ESTIMATED,,163,EVALUATED,,1,180,3,154,65.71958788609989,65.71883245322763,0.0007554328722534365,False,65.71958788609989,58.76416373645468,0,154,0.9447852760736196,False,11,0.06748466257668712,3,11.0,0.06748466257668712,3.0,True
p2,delete_g0,CENTERED_D4,ESTIMATED,,163,EVALUATED,,1,180,1,163,61.538935487773934,61.37208257756931,0.166852910204625,False,65.11910617184681,61.53893548777391,0,163,1.0,True,0,0.0,0,0.0,0.0,0.0,True
p2,delete_g1,RAW_U,ESTIMATED,,163,EVALUATED,,0,178,50,103,66.41881766074896,66.41753256432676,0.0012850964221939876,False,66.41881766074893,40.04556500902847,0,102,0.6257668711656442,False,1273,7.809815950920245,52,1273.0,7.809815950920245,52.0,True
p2,delete_g1,CENTERED_U,ESTIMATED,,163,EVALUATED,,0,179,1,163,61.785843066842546,61.61640283866513,0.16944022817741455,False,64.68398614088959,61.785843066842546,0,163,1.0,True,0,0.0,0,0.0,0.0,0.0,True
p2,delete_g1,RAW_D4,ESTIMATED,,163,EVALUATED,,0,178,4,150,65.54010317159089,65.53881807516869,0.0012850964221939876,False,65.54010317159087,57.2996354077347,0,149,0.9141104294478528,False,17,0.10429447852760736,3,17.0,0.10429447852760736,3.0,True
p2,delete_g1,CENTERED_D4,ESTIMATED,,163,EVALUATED,,0,179,1,163,61.785843066842546,61.61640283866513,0.16944022817741455,False,64.68398614088959,61.785843066842546,0,163,1.0,True,0,0.0,0,0.0,0.0,0.0,True
p2,delete_g2,RAW_U,ESTIMATED,,163,EVALUATED,,1,180,41,113,66.41284450135076,66.41260915471436,0.00023534663640134568,False,66.4128445013507,43.28863053794513,0,112,0.6871165644171779,False,850,5.214723926380368,41,850.0,5.214723926380368,41.0,True
p2,delete_g2,CENTERED_U,ESTIMATED,,163,EVALUATED,,1,180,1,163,61.89736351906814,61.71097055185174,0.1863929672164062,False,64.52675219531353,61.89736351906815,0,163,1.0,True,0,0.0,0,0.0,0.0,0.0,True
p2,delete_g2,RAW_D4,ESTIMATED,,163,EVALUATED,,1,180,4,151,65.41050131914552,65.41026597250911,0.00023534663641555653,False,65.4105013191455,57.80474830538443,0,150,0.9202453987730062,False,16,0.09815950920245399,3,16.0,0.09815950920245399,3.0,True
p2,delete_g2,CENTERED_D4,ESTIMATED,,163,EVALUATED,,1,180,1,163,61.89736351906814,61.71097055185174,0.1863929672164062,False,64.52675219531353,61.89736351906815,0,163,1.0,True,0,0.0,0,0.0,0.0,0.0,True
p2,repeat_g0,RAW_U,ESTIMATED,,199,EVALUATED,,0,180,79,99,80.51821918571038,80.51804481638653,0.00017436932384384818,False,80.5182191857104,42.10461157029705,0,108,0.542713567839196,False,2727,13.703517587939698,69,2727.0,13.703517587939698,69.0,True
p2,repeat_g0,CENTERED_U,ESTIMATED,,199,EVALUATED,,0,180,2,181,75.39585103900728,75.23646604628415,0.15938499272313322,False,78.53294910587017,75.39585103900728,0,199,1.0,True,0,0.0,0,0.0,0.0,0.0,True
p2,repeat_g0,RAW_D4,ESTIMATED,,199,EVALUATED,,0,180,4,162,79.35230070589841,79.35212633657457,0.00017436932384384818,False,79.3523007058984,69.42451679395595,0,179,0.8994974874371859,False,27,0.135678391959799,3,27.0,0.135678391959799,3.0,True
p2,repeat_g0,CENTERED_D4,ESTIMATED,,199,EVALUATED,,0,180,2,181,75.39585103900728,75.23646604628415,0.15938499272313322,False,78.53294910587017,75.39585103900728,0,199,1.0,True,0,0.0,0,0.0,0.0,0.0,True
p2,repeat_g1,RAW_U,ESTIMATED,,199,EVALUATED,,0,180,47,128,81.66542685035033,81.66482007225667,0.0006067780936547251,False,81.66542685035034,54.392343284804575,0,141,0.7085427135678392,False,965,4.849246231155779,41,965.0,4.849246231155779,41.0,True
p2,repeat_g1,CENTERED_U,ESTIMATED,,199,EVALUATED,,0,180,2,181,75.897577325115,75.73961193399707,0.1579653911179264,False,79.91078670808861,75.89757732511498,0,199,1.0,True,0,0.0,0,0.0,0.0,0.0,True
p2,repeat_g1,RAW_D4,ESTIMATED,,199,EVALUATED,,0,180,4,169,80.8775745029287,80.87696772483504,0.0006067780936547251,False,80.8775745029287,71.72402168170336,0,186,0.9346733668341709,False,15,0.07537688442211055,2,15.0,0.07537688442211055,2.0,True
p2,repeat_g1,CENTERED_D4,ESTIMATED,,199,EVALUATED,,0,180,2,181,75.897577325115,75.73961193399707,0.1579653911179264,False,79.91078670808861,75.89757732511498,0,199,1.0,True,0,0.0,0,0.0,0.0,0.0,True
p2,repeat_g2,RAW_U,ESTIMATED,,199,EVALUATED,,0,180,47,128,81.76460102636285,81.74887899027374,0.01572203608911593,False,81.76460102636287,54.979924781271045,0,141,0.7085427135678392,False,931,4.678391959798995,41,931.0,4.678391959798995,41.0,True
p2,repeat_g2,CENTERED_U,ESTIMATED,,199,EVALUATED,,0,180,2,181,76.31985003835713,76.16095764550505,0.15889239285208134,False,79.7216495429673,76.31985003835716,0,199,1.0,True,0,0.0,0,0.0,0.0,0.0,True
p2,repeat_g2,RAW_D4,ESTIMATED,,199,EVALUATED,,0,180,4,169,80.62267357741015,80.61610009859783,0.006573478812327949,False,80.62267357741015,72.14515194536797,0,186,0.9346733668341709,False,16,0.08040201005025126,3,16.0,0.08040201005025126,3.0,True
p2,repeat_g2,CENTERED_D4,ESTIMATED,,199,EVALUATED,,0,180,2,181,76.31985003835713,76.16095764550505,0.15889239285208134,False,79.7216495429673,76.31985003835716,0,199,1.0,True,0,0.0,0,0.0,0.0,0.0,True
p2,interp_g0,RAW_U,ESTIMATED,,199,EVALUATED,,0,180,60,121,79.047121593037,79.04431245928646,0.0028091337505458114,False,79.04712159303696,48.86933457275206,0,132,0.6633165829145728,False,1582,7.949748743718593,52,1591.0,7.994974874371859,52.0,True
p2,interp_g0,CENTERED_U,ESTIMATED,,199,EVALUATED,,0,180,2,181,72.62591892475552,72.62377467907808,0.0021442456774423135,False,75.84783358758119,72.62591892475554,0,199,1.0,True,0,0.0,0,9.0,0.04522613065326633,0.5,True
p2,interp_g0,RAW_D4,ESTIMATED,,199,EVALUATED,,0,180,4,170,77.88136985356692,77.87856071981638,0.0028091337505458114,False,77.88136985356688,68.56535351624115,0,186,0.9346733668341709,False,15,0.07537688442211055,2,24.0,0.12060301507537688,2.5,True
p2,interp_g0,CENTERED_D4,ESTIMATED,,199,EVALUATED,,0,180,2,181,72.62591892475552,72.62377467907808,0.0021442456774423135,False,75.84783358758119,72.62591892475554,0,199,1.0,True,0,0.0,0,9.0,0.04522613065326633,0.5,True
p2,interp_g1,RAW_U,ESTIMATED,,199,EVALUATED,,0,180,98,88,79.82774720528155,79.82757059877095,0.00017660651060680266,False,79.82774720528163,35.52637556331041,0,93,0.46733668341708545,False,4114,20.673366834170853,84,4123.0,20.718592964824122,84.0,True
p2,interp_g1,CENTERED_U,ESTIMATED,,199,EVALUATED,,0,180,3,181,72.58884570220978,72.58698686151341,0.0018588406963715443,False,75.70903874550947,72.5888457022098,0,199,1.0,True,0,0.0,0,9.0,0.04522613065326633,0.5,True
p2,interp_g1,RAW_D4,ESTIMATED,,199,EVALUATED,,0,180,4,167,77.9609141757908,77.9607375692802,0.00017660651060680266,False,77.96091417579086,67.50786321061653,0,183,0.9195979899497487,False,18,0.09045226130653267,2,27.0,0.135678391959799,2.5,True
p2,interp_g1,CENTERED_D4,ESTIMATED,,199,EVALUATED,,0,180,3,181,72.58884570220978,72.58698686151341,0.0018588406963715443,False,75.70903874550947,72.5888457022098,0,199,1.0,True,0,0.0,0,9.0,0.04522613065326633,0.5,True
p2,interp_g2,RAW_U,ESTIMATED,,199,EVALUATED,,0,180,93,88,78.96772240210743,78.96526810684237,0.0024542952650534744,False,78.96772240210743,36.65070740313148,0,98,0.49246231155778897,False,3938,19.78894472361809,84,3947.0,19.834170854271356,84.0,True
p2,interp_g2,CENTERED_U,ESTIMATED,,199,EVALUATED,,0,180,2,181,71.92714185390584,71.9254162578692,0.0017255960366355794,False,76.11368037893017,71.92714185390585,0,199,1.0,True,0,0.0,0,9.0,0.04522613065326633,0.5,True
p2,interp_g2,RAW_D4,ESTIMATED,,199,EVALUATED,,0,180,4,167,77.9232871150233,77.92083281975825,0.0024542952650534744,False,77.92328711502331,67.31577255057724,0,184,0.9246231155778895,False,21,0.10552763819095477,3,30.0,0.1507537688442211,3.0,True
p2,interp_g2,CENTERED_D4,ESTIMATED,,199,EVALUATED,,0,180,2,181,71.92714185390584,71.9254162578692,0.0017255960366355794,False,76.11368037893017,71.92714185390585,0,199,1.0,True,0,0.0,0,9.0,0.04522613065326633,0.5,True
